,air_pressure,air_temperature,relative_humidity,wind_speed,wind_direction,precipitation,solar_radiation,dew_point_temperature,cloud_cover,visibility
air_pressure,1.0,0.16705807272983558,0.16184205596388782,0.17210537695158662,0.17206411296493432,0.017440324503344855,-0.056054396029615976,-0.04618396462447203,-0.05621556577564764,-0.07329208695897738
air_temperature,0.16705807272983558,1.0,0.9982961470912063,0.9975728021921987,0.04235012457371525,0.05413831421618607,-0.08032587207752626,0.03180282829819422,-0.08425612148918304,0.03871328775555482
relative_humidity,0.16184205596388782,0.9982961470912063,1.0,0.9972182791176599,0.032067015449968164,0.053821788342034514,-0.07892820855737753,0.033337558595105996,-0.08232199827203457,0.04413069027222511
wind_speed,0.17210537695158662,0.9975728021921987,0.9972182791176599,1.0,0.06050364365058915,0.05747432508111503,-0.08210376394908725,0.029076308058260614,-0.0861365321645155,0.03834659202923476
wind_direction,0.17206411296493432,0.04235012457371525,0.032067015449968164,0.06050364365058915,1.0,0.1671557839431692,-0.08740507825578425,-0.33599437501725965,-0.08253464624746719,-0.3530510057595727
precipitation,0.017440324503344855,0.05413831421618607,0.053821788342034514,0.05747432508111503,0.1671557839431692,1.0,-0.011947718958505478,0.004407961007278361,-0.008679402767868388,0.034909521642616605
solar_radiation,-0.056054396029615976,-0.08032587207752626,-0.07892820855737753,-0.08210376394908725,-0.08740507825578425,-0.011947718958505478,1.0,0.05010487910564697,0.6683390197961249,0.056855747078275155
dew_point_temperature,-0.04618396462447203,0.03180282829819422,0.033337558595105996,0.029076308058260614,-0.33599437501725965,0.004407961007278361,0.05010487910564697,1.0,0.04144410538197502,0.9308973869874514
cloud_cover,-0.05621556577564764,-0.08425612148918304,-0.08232199827203457,-0.0861365321645155,-0.08253464624746719,-0.008679402767868388,0.6683390197961249,0.04144410538197502,1.0,0.05164587758156257
visibility,-0.07329208695897738,0.03871328775555482,0.04413069027222511,0.03834659202923476,-0.3530510057595727,0.034909521642616605,0.056855747078275155,0.9308973869874514,0.05164587758156257,1.0
