seed,target_index,lead,time_index,truth,stdk_q05,stdk_q50,stdk_q95,qconv_q05,qconv_q50,qconv_q95
41,0,1,496,-0.6697542667388916,-0.6705289483070374,-0.16385889053344727,0.5815929174423218,-0.5529325604438782,0.14897744357585907,1.1078487634658813
41,0,2,497,-0.4212431311607361,-0.685140073299408,-0.18259654939174652,0.5663083791732788,-0.5720438361167908,0.2649514675140381,1.1676528453826904
41,0,3,498,-0.4399983882904053,-0.6925230026245117,-0.19117310643196106,0.5608022212982178,-0.5183634757995605,0.31935805082321167,1.159867525100708
41,0,4,499,-0.7533544301986694,-0.7473899722099304,-0.24427084624767303,0.5103127360343933,-0.4243003726005554,0.41481268405914307,1.209272861480713
41,0,5,500,-0.5526423454284668,-0.7845845222473145,-0.2761439085006714,0.48080915212631226,-0.475991427898407,0.3087916374206543,1.1803255081176758
41,1,1,496,-0.7838003039360046,-1.5017846822738647,-0.9978328347206116,-0.2542644143104553,-1.7328623533248901,-1.100034475326538,-0.20381641387939453
41,1,2,497,-0.9655381441116333,-1.5643887519836426,-1.0635192394256592,-0.31693369150161743,-1.6401028633117676,-1.040518879890442,-0.13906395435333252
41,1,3,498,-0.633173406124115,-1.6431849002838135,-1.1425464153289795,-0.39317166805267334,-1.4932045936584473,-0.883384644985199,-0.0022698044776916504
41,1,4,499,-0.7860773801803589,-1.7207574844360352,-1.216517686843872,-0.46461600065231323,-1.452012300491333,-0.7687660455703735,0.02100294828414917
41,1,5,500,-0.7598663568496704,-1.7957069873809814,-1.2841925621032715,-0.5300165414810181,-1.4830513000488281,-0.8289674520492554,0.04189169406890869
41,2,1,496,-0.6339322924613953,-0.9100399017333984,-0.35511091351509094,0.3696230947971344,-1.198026418685913,-0.32157960534095764,0.368346244096756
41,2,2,497,-0.5530821681022644,-0.8351588845252991,-0.28363484144210815,0.44368189573287964,-1.3429927825927734,-0.5083104968070984,0.19500839710235596
41,2,3,498,-0.15030840039253235,-0.8346885442733765,-0.2830234467983246,0.44677940011024475,-1.3767333030700684,-0.5661771893501282,0.21304500102996826
41,2,4,499,-0.40319740772247314,-0.8424195051193237,-0.28664714097976685,0.44535958766937256,-1.447326421737671,-0.6040869355201721,0.17761462926864624
41,2,5,500,-0.46498432755470276,-0.8577930331230164,-0.2939634323120117,0.4400686025619507,-1.498412013053894,-0.63707035779953,0.17690974473953247
41,3,1,496,0.23013873398303986,-0.6532184481620789,-0.08415351808071136,0.5938419103622437,-0.41193175315856934,0.4415191411972046,1.3630964756011963
41,3,2,497,0.21062083542346954,-0.7257164716720581,-0.15859803557395935,0.5223919153213501,-0.2966080605983734,0.3809853494167328,1.3197535276412964
41,3,3,498,1.0631916522979736,-0.869091272354126,-0.3013814091682434,0.3824889063835144,-0.18539953231811523,0.523821234703064,1.383641004562378
41,3,4,499,0.23617559671401978,-0.9784114360809326,-0.40727725625038147,0.27928271889686584,-0.4070338010787964,0.42203062772750854,1.274512767791748
41,3,5,500,0.8970106840133667,-1.0651042461395264,-0.48698288202285767,0.20188796520233154,-0.5117579102516174,0.27163976430892944,1.1234984397888184
41,4,1,496,0.2253907322883606,-0.2784985601902008,0.2533465325832367,0.9782700538635254,-0.6200025677680969,0.17566972970962524,0.8771790862083435
41,4,2,497,0.3261488676071167,-0.30544808506965637,0.2231166660785675,0.9508099555969238,-0.6755613088607788,0.20286959409713745,0.9125134348869324
41,4,3,498,0.2398546040058136,-0.3367965519428253,0.1908879578113556,0.9218364953994751,-0.6101243495941162,0.2403915375471115,0.9427556395530701
41,4,4,499,0.03422759473323822,-0.3650188744068146,0.16540423035621643,0.8992791175842285,-0.5495929718017578,0.2710457742214203,0.9950789213180542
41,4,5,500,0.3639217019081116,-0.3761988878250122,0.16058878600597382,0.8957815766334534,-0.4869546890258789,0.31851905584335327,1.0214669704437256
41,5,1,496,-0.7688862681388855,-1.210867166519165,-0.6495801210403442,0.071524977684021,-1.3005142211914062,-0.6136030554771423,0.1888500452041626
41,5,2,497,-0.8929081559181213,-1.2856173515319824,-0.7283865809440613,-0.005240201950073242,-1.183119773864746,-0.5426083207130432,0.23513031005859375
41,5,3,498,-0.6190394163131714,-1.3396258354187012,-0.7830962538719177,-0.05819511413574219,-1.2630269527435303,-0.6142711043357849,0.19096076488494873
41,5,4,499,-0.5452433824539185,-1.3597899675369263,-0.800284206867218,-0.07410544157028198,-1.1494438648223877,-0.5550847053527832,0.2394581437110901
41,5,5,500,0.17907769978046417,-1.3497750759124756,-0.7837026715278625,-0.0573195219039917,-1.238464593887329,-0.5375580787658691,0.2416631579399109
41,6,1,496,-0.02514827251434326,-0.04933446645736694,0.5582161545753479,1.2864878177642822,0.07225573062896729,0.8820812106132507,1.8384065628051758
41,6,2,497,0.6735158562660217,-0.1231621503829956,0.4812079668045044,1.2115931510925293,-0.09003674983978271,0.7275670170783997,1.8781440258026123
41,6,3,498,0.2509346008300781,-0.15303218364715576,0.45187079906463623,1.1843116283416748,0.06408226490020752,0.7757689952850342,1.8092453479766846
41,6,4,499,-0.19113540649414062,-0.1582605242729187,0.45145314931869507,1.1853141784667969,0.16943562030792236,0.9097040891647339,1.9054391384124756
41,6,5,500,0.9091757535934448,-0.14483106136322021,0.47363168001174927,1.2082082033157349,0.06176924705505371,0.8606793880462646,1.9254658222198486
41,7,1,496,0.1731487363576889,-1.1805893182754517,-0.5383341908454895,0.20712053775787354,-0.9548302888870239,-0.26116493344306946,0.6152849197387695
41,7,2,497,-0.00894215703010559,-1.2681280374526978,-0.6277455687522888,0.1206623911857605,-0.9101163744926453,-0.2202206254005432,0.5630905628204346
41,7,3,498,0.09722959995269775,-1.3542487621307373,-0.7122979760169983,0.03860539197921753,-1.0150883197784424,-0.21531368792057037,0.5579299330711365
41,7,4,499,-0.34593039751052856,-1.4545661211013794,-0.8071883320808411,-0.054035484790802,-1.014435052871704,-0.18503890931606293,0.6007976531982422
41,7,5,500,-0.2524462938308716,-1.5126423835754395,-0.8561152815818787,-0.10118311643600464,-0.8697373270988464,-0.09242960065603256,0.7027753591537476
41,8,1,496,-1.5317602157592773,-2.1533422470092773,-1.510040044784546,-0.768527090549469,-2.074673652648926,-1.245120882987976,-0.37866830825805664
41,8,2,497,-1.9629191160202026,-2.263550281524658,-1.6221249103546143,-0.8781589269638062,-2.1521997451782227,-1.2484302520751953,-0.3465089797973633
41,8,3,498,-1.8912633657455444,-2.351921558380127,-1.7088415622711182,-0.962792158126831,-2.220294713973999,-1.2479631900787354,-0.3330276608467102
41,8,4,499,-1.95904541015625,-2.429658889770508,-1.7809522151947021,-1.0330183506011963,-2.2893028259277344,-1.277204990386963,-0.4026932120323181
41,8,5,500,-1.7234493494033813,-2.5078744888305664,-1.849900245666504,-1.1004130840301514,-2.3282532691955566,-1.3110493421554565,-0.4554026126861572
41,9,1,496,-0.879096269607544,-1.792788028717041,-1.2028121948242188,-0.4548027515411377,-1.274713397026062,-0.4942731261253357,0.31525230407714844
41,9,2,497,-1.2273341417312622,-1.8559434413909912,-1.269132137298584,-0.5177844166755676,-1.2992361783981323,-0.5153118968009949,0.20888566970825195
41,9,3,498,-1.0588264465332031,-1.9489266872406006,-1.3626723289489746,-0.6087912917137146,-1.1529133319854736,-0.4439699649810791,0.24826884269714355
41,9,4,499,-1.1872084140777588,-2.0448479652404785,-1.4555225372314453,-0.6995546817779541,-1.3347225189208984,-0.6133922934532166,0.1099352240562439
41,9,5,500,-0.7869553565979004,-2.1460161209106445,-1.5484850406646729,-0.7908787131309509,-1.4241104125976562,-0.6341145038604736,0.17649143934249878
41,10,1,496,-1.9662842750549316,-1.6104350090026855,-1.0927259922027588,-0.3556549549102783,-1.285839557647705,-0.41453927755355835,0.4336145520210266
41,10,2,497,-1.7661120891571045,-1.6413624286651611,-1.128000020980835,-0.38747239112854004,-1.2474238872528076,-0.3855479955673218,0.43394148349761963
41,10,3,498,-1.3823493719100952,-1.6956809759140015,-1.1838908195495605,-0.4402218461036682,-1.2912156581878662,-0.4260394275188446,0.3726600110530853
41,10,4,499,-0.9659784436225891,-1.7690095901489258,-1.2553150653839111,-0.5088956952095032,-1.490843653678894,-0.6299089789390564,0.24356180429458618
41,10,5,500,-0.9855853319168091,-1.846355676651001,-1.3259272575378418,-0.5773941874504089,-1.5973496437072754,-0.6663840413093567,0.037819862365722656
41,11,1,496,0.5093067288398743,-0.5902457237243652,-0.0989798903465271,0.6433442831039429,-0.6203067898750305,0.24090313911437988,1.0290499925613403
41,11,2,497,1.1339848041534424,-0.6449415683746338,-0.15782135725021362,0.587364137172699,-0.5948215126991272,0.3440280556678772,1.083789348602295
41,11,3,498,1.2079066038131714,-0.6999254822731018,-0.2133694291114807,0.5349344611167908,-0.4059380292892456,0.37097394466400146,1.1034960746765137
41,11,4,499,1.1851716041564941,-0.7386952638626099,-0.24875950813293457,0.5020338892936707,-0.37876754999160767,0.4082244634628296,1.2315438985824585
41,11,5,500,0.6115306615829468,-0.7972362041473389,-0.3003612756729126,0.4524763822555542,-0.4193999767303467,0.3813737630844116,1.21199369430542
41,12,1,496,0.4475647211074829,-0.40651172399520874,0.1551837921142578,0.871610164642334,-0.7375193238258362,0.19739903509616852,1.3682514429092407
41,12,2,497,0.370999813079834,-0.48183029890060425,0.07685750722885132,0.7960533499717712,-0.6828620433807373,0.15125881135463715,1.314287543296814
41,12,3,498,0.551715612411499,-0.57528156042099,-0.016238071024417877,0.7054402828216553,-0.7590727210044861,0.07911761850118637,1.2572919130325317
41,12,4,499,0.5125595927238464,-0.6135081052780151,-0.050205156207084656,0.6738336682319641,-0.8604210019111633,0.11976587027311325,1.2804796695709229
41,12,5,500,0.2704806923866272,-0.6396202445030212,-0.06819744408130646,0.6578935980796814,-0.8179422616958618,0.08920583128929138,1.2643015384674072
41,13,1,496,0.4268757104873657,-0.5301723480224609,0.07307998836040497,0.749922513961792,-0.7599372267723083,-0.0527694970369339,0.7596542835235596
41,13,2,497,0.31335681676864624,-0.5220234990119934,0.07836443930864334,0.7584502696990967,-0.879401683807373,-0.16798612475395203,0.6412527561187744
41,13,3,498,0.3680785894393921,-0.5294191837310791,0.07169520854949951,0.7546043395996094,-0.8444443345069885,-0.09980083256959915,0.6675741672515869
41,13,4,499,0.044160597026348114,-0.5473855137825012,0.05866692215204239,0.7438487410545349,-0.6868055462837219,-0.010045008733868599,0.718220055103302
41,13,5,500,0.005186699330806732,-0.5952971577644348,0.019770130515098572,0.7062378525733948,-0.6379842162132263,0.12612496316432953,0.8583635091781616
41,14,1,496,-1.0902222394943237,-1.537811279296875,-0.9593814015388489,-0.3021746873855591,-2.000500202178955,-0.8616199493408203,0.31554341316223145
41,14,2,497,-1.203801155090332,-1.6487261056900024,-1.073272943496704,-0.412409245967865,-1.821955919265747,-0.7565524578094482,0.4101860523223877
41,14,3,498,-0.4751453995704651,-1.7798796892166138,-1.2044572830200195,-0.5402818322181702,-1.7988481521606445,-0.7263059020042419,0.43202775716781616
41,14,4,499,-0.5605664253234863,-1.884657859802246,-1.306009292602539,-0.639026403427124,-1.757922887802124,-0.6698641180992126,0.4968152642250061
41,14,5,500,-0.34483930468559265,-1.9657918214797974,-1.3807709217071533,-0.7115297317504883,-1.8391517400741577,-0.7060176134109497,0.46537578105926514
41,15,1,496,0.37692970037460327,-0.3521402180194855,0.263159841299057,0.9518008232116699,-0.7308038473129272,0.2414098083972931,1.2838741540908813
41,15,2,497,0.8658748269081116,-0.4654673933982849,0.1482752561569214,0.8410065770149231,-0.5740973949432373,0.37245795130729675,1.3715229034423828
41,15,3,498,0.9942925572395325,-0.5488175749778748,0.06565175205469131,0.7618728876113892,-0.5655530691146851,0.39374205470085144,1.426196813583374
41,15,4,499,0.45602360367774963,-0.6167594194412231,0.0024092495441436768,0.700546383857727,-0.5296680927276611,0.3965110182762146,1.367567777633667
41,15,5,500,0.7434216737747192,-0.6715177297592163,-0.04379516839981079,0.6552296280860901,-0.5084798336029053,0.41333821415901184,1.5178195238113403
41,16,1,496,0.4581567049026489,-0.5117603540420532,0.09655487537384033,0.8011443614959717,-0.6206532120704651,0.10523372143507004,0.9380331039428711
41,16,2,497,0.8772748708724976,-0.6818929314613342,-0.07511132955551147,0.6329066157341003,-0.3146796226501465,0.40731281042099,1.2390012741088867
41,16,3,498,0.09221360087394714,-0.7884280681610107,-0.18052715063095093,0.5303581953048706,-0.028884291648864746,0.6891587376594543,1.5918506383895874
41,16,4,499,-0.09569640457630157,-0.8739136457443237,-0.26115867495536804,0.45104262232780457,0.2537378668785095,0.8895125985145569,1.6589248180389404
41,16,5,500,-0.3612203001976013,-0.9927143454551697,-0.371426522731781,0.34144771099090576,0.1784573793411255,0.8156996369361877,1.6390256881713867
41,17,1,496,0.6458536982536316,-0.630642294883728,-0.02461991459131241,0.731172502040863,-0.7666175961494446,0.12471413612365723,1.0504523515701294
41,17,2,497,0.4658878445625305,-0.6412562727928162,-0.037159428000450134,0.7207297682762146,-0.737725555896759,0.1522483229637146,1.0144360065460205
41,17,3,498,0.03824460133910179,-0.7390301823616028,-0.1336403638124466,0.6260967254638672,-0.5175256729125977,0.28262877464294434,1.1658803224563599
41,17,4,499,-0.1723293960094452,-0.8312110900878906,-0.22091510891914368,0.5400636196136475,-0.5786554217338562,0.3926154375076294,1.1728272438049316
41,17,5,500,0.030932694673538208,-0.9377182722091675,-0.3190908133983612,0.44242939352989197,-0.4394795298576355,0.3861955404281616,1.2188606262207031
41,18,1,496,-0.3482202887535095,-0.8156905174255371,-0.1740359663963318,0.5773547291755676,-0.678733229637146,0.25252893567085266,1.3046637773513794
41,18,2,497,0.21363283693790436,-0.8158832788467407,-0.17629918456077576,0.5765789747238159,-0.5543044209480286,0.354455828666687,1.4313470125198364
41,18,3,498,0.2615526020526886,-0.7620490193367004,-0.12126155197620392,0.6328766345977783,-0.4865475594997406,0.3477291166782379,1.4471116065979004
41,18,4,499,-0.14390040934085846,-0.7277190089225769,-0.08209330588579178,0.6731528639793396,-0.42823660373687744,0.48987334966659546,1.4940249919891357
41,18,5,500,0.49481669068336487,-0.7264459729194641,-0.07215790450572968,0.6839801073074341,-0.39670366048812866,0.5125374794006348,1.5552023649215698
41,19,1,496,-0.4195302724838257,-1.3366858959197998,-0.7168327569961548,0.020837485790252686,-1.1732958555221558,-0.19330042600631714,0.7575891017913818
41,19,2,497,-0.7141981720924377,-1.38606595993042,-0.7686752080917358,-0.029212355613708496,-1.233722448348999,-0.36396968364715576,0.6387040615081787
41,19,3,498,-0.6438934206962585,-1.3738694190979004,-0.7556098699569702,-0.014859557151794434,-1.2718473672866821,-0.30634164810180664,0.5451480150222778
41,19,4,499,-0.7763224244117737,-1.3417649269104004,-0.718693196773529,0.02314525842666626,-1.3812837600708008,-0.4906693696975708,0.48430973291397095
41,19,5,500,-0.4491312801837921,-1.298479676246643,-0.6666333079338074,0.0761292576789856,-1.3671612739562988,-0.49789899587631226,0.5491940379142761
41,20,1,496,0.5568687319755554,-0.46330979466438293,0.04197278618812561,0.7619880437850952,-0.331557035446167,0.5089308619499207,1.2883007526397705
41,20,2,497,0.26640182733535767,-0.4794282019138336,0.021353334188461304,0.744897723197937,-0.35974934697151184,0.4626913368701935,1.1906999349594116
41,20,3,498,0.6440696120262146,-0.5096254944801331,-0.0102662593126297,0.7161648273468018,-0.360176146030426,0.3849560022354126,1.064032793045044
41,20,4,499,0.4341796040534973,-0.5234463810920715,-0.022072143852710724,0.7067164778709412,-0.5113235116004944,0.2859225869178772,0.9873335361480713
41,20,5,500,0.019214697182178497,-0.5562232732772827,-0.048819541931152344,0.6818912029266357,-0.6369938850402832,0.21744129061698914,0.8623949289321899
41,21,1,496,-0.5623652935028076,-0.918510377407074,-0.43877270817756653,0.29734328389167786,-1.1641552448272705,-0.21327020227909088,0.695199191570282
41,21,2,497,-0.01810915768146515,-0.9567546248435974,-0.48109135031700134,0.257175475358963,-1.0851491689682007,-0.2592841684818268,0.5805803537368774
41,21,3,498,-0.076870396733284,-0.9449628591537476,-0.4705073833465576,0.2702103853225708,-1.083876371383667,-0.25550180673599243,0.6237555146217346
41,21,4,499,-0.4726123809814453,-0.9273289442062378,-0.450752317905426,0.29198652505874634,-1.1353423595428467,-0.3127954602241516,0.565523087978363
41,21,5,500,-0.8135873079299927,-0.9141689538955688,-0.43195945024490356,0.3125484585762024,-1.1764494180679321,-0.3351890444755554,0.6072997450828552
41,22,1,496,-1.122042179107666,-1.3795948028564453,-0.8713335394859314,-0.15077918767929077,-1.0564429759979248,-0.3973977267742157,0.41414085030555725
41,22,2,497,-0.8793201446533203,-1.3598699569702148,-0.8556910157203674,-0.13287454843521118,-1.190626621246338,-0.4632543921470642,0.31376057863235474
41,22,3,498,-0.2572264075279236,-1.3493708372116089,-0.8465901017189026,-0.12144261598587036,-1.1449463367462158,-0.5789364576339722,0.26694655418395996
41,22,4,499,-0.5168384313583374,-1.345226526260376,-0.840226948261261,-0.11297231912612915,-1.2159541845321655,-0.5871759653091431,0.2978251576423645
41,22,5,500,-0.4059012830257416,-1.3434128761291504,-0.8324924111366272,-0.10325950384140015,-1.178928256034851,-0.5523634552955627,0.4278181791305542
41,23,1,496,-0.28438329696655273,-1.1035833358764648,-0.5323687195777893,0.0953478217124939,-1.2999836206436157,-0.4203103482723236,0.4132033884525299
41,23,2,497,0.4461328387260437,-1.0834842920303345,-0.5152080059051514,0.11540037393569946,-1.4034781455993652,-0.5162984132766724,0.3214951157569885
41,23,3,498,0.3229445815086365,-1.0659987926483154,-0.497676283121109,0.13544955849647522,-1.4507100582122803,-0.5856993198394775,0.23350971937179565
41,23,4,499,0.34593459963798523,-1.067007064819336,-0.49535098671913147,0.13975778222084045,-1.4580416679382324,-0.5588054060935974,0.3395159840583801
41,23,5,500,0.2846056818962097,-1.0651280879974365,-0.4869590997695923,0.14944463968276978,-1.5234434604644775,-0.5969575643539429,0.26368004083633423
41,24,1,496,-1.4106552600860596,-2.131993532180786,-1.511376142501831,-0.9109004139900208,-2.296271324157715,-1.4780529737472534,-0.697643518447876
41,24,2,497,-1.4081060886383057,-2.2028462886810303,-1.5842416286468506,-0.9804779887199402,-2.1004140377044678,-1.3192071914672852,-0.45601338148117065
41,24,3,498,-1.4680674076080322,-2.277514934539795,-1.6577379703521729,-1.0510156154632568,-1.7723393440246582,-0.967421293258667,-0.2651183009147644
41,24,4,499,-1.4708232879638672,-2.3443121910095215,-1.7200260162353516,-1.1108510494232178,-1.6133781671524048,-0.771478533744812,0.07755386829376221
41,24,5,500,-0.7148952484130859,-2.4282426834106445,-1.796074390411377,-1.1854366064071655,-1.4203274250030518,-0.5592315793037415,0.22211116552352905
41,25,1,496,-2.2517261505126953,-2.9758036136627197,-2.3499722480773926,-1.782895565032959,-2.4562735557556152,-1.936989665031433,-0.9525660276412964
41,25,2,497,-1.6119121313095093,-3.0106120109558105,-2.3859424591064453,-1.8136346340179443,-2.423137664794922,-1.909846305847168,-0.8811240196228027
41,25,3,498,-1.8752413988113403,-3.0779569149017334,-2.4515106678009033,-1.875046968460083,-2.360053062438965,-1.6664484739303589,-0.7596732974052429
41,25,4,499,-2.429882287979126,-3.132267475128174,-2.5008068084716797,-1.9222685098648071,-2.265864133834839,-1.6743502616882324,-0.7195022106170654
41,25,5,500,-1.8726112842559814,-3.2076613903045654,-2.5681283473968506,-1.989307165145874,-2.307424783706665,-1.6604946851730347,-0.7254451513290405
41,26,1,496,1.3544437885284424,-0.617644727230072,-0.051103830337524414,0.665069043636322,-1.3740262985229492,-0.38867107033729553,0.34000787138938904
41,26,2,497,1.1196318864822388,-0.7417484521865845,-0.17881402373313904,0.5406637191772461,-1.2077701091766357,-0.21370963752269745,0.4834686517715454
41,26,3,498,0.9189456105232239,-0.8593572378158569,-0.29729965329170227,0.42512741684913635,-0.9513521194458008,-0.09428736567497253,0.5549314022064209
41,26,4,499,0.5929166078567505,-0.9416127800941467,-0.37668752670288086,0.3479226231575012,-0.7405003309249878,0.055991824716329575,0.8288449048995972
41,26,5,500,0.9380687475204468,-0.9975762367248535,-0.4261472821235657,0.29914164543151855,-0.7717784643173218,0.016211936250329018,0.939350962638855
41,27,1,496,1.9304198026657104,0.3430635333061218,0.8910549283027649,1.653146505355835,-0.6373646259307861,0.16549523174762726,1.1414250135421753
41,27,2,497,1.2813758850097656,0.34411489963531494,0.8882359266281128,1.6511726379394531,-0.6090096831321716,0.14284652471542358,1.0743896961212158
41,27,3,498,1.5780545473098755,0.34786587953567505,0.891387939453125,1.6546796560287476,-0.49611422419548035,0.28826281428337097,1.1338436603546143
41,27,4,499,0.7839096188545227,0.31643420457839966,0.8629270195960999,1.6264551877975464,-0.595818281173706,0.2366228699684143,1.1581029891967773
41,27,5,500,1.0097336769104004,0.2636176347732544,0.8167662024497986,1.5804283618927002,-0.589785099029541,0.28959307074546814,1.119380235671997
41,28,1,496,2.0422568321228027,1.5146262645721436,2.1183760166168213,2.8766732215881348,0.5713462829589844,1.4738099575042725,2.4561877250671387
41,28,2,497,1.9178928136825562,1.4194045066833496,2.0213277339935303,2.7813467979431152,0.7052083015441895,1.7452763319015503,2.600480556488037
41,28,3,498,1.6457725763320923,1.2952275276184082,1.8980896472930908,2.6595094203948975,0.7667664885520935,1.6947427988052368,2.558061361312866
41,28,4,499,0.8761786222457886,1.2040350437164307,1.8116326332092285,2.573812961578369,0.8591533303260803,1.7502593994140625,2.5960421562194824
41,28,5,500,1.5176646709442139,1.1820659637451172,1.7980177402496338,2.5606911182403564,0.9667092561721802,1.748218059539795,2.7292325496673584
41,29,1,496,-1.2351702451705933,-2.307217597961426,-1.6831555366516113,-0.9499688744544983,-1.9882657527923584,-1.1805745363235474,-0.2393254041671753
41,29,2,497,-2.0214133262634277,-2.3039519786834717,-1.6817469596862793,-0.9470770955085754,-2.1896305084228516,-1.4663145542144775,-0.47064584493637085
41,29,3,498,-1.3653804063796997,-2.316145658493042,-1.6928257942199707,-0.9567235708236694,-2.048638343811035,-1.2629663944244385,-0.3586844205856323
41,29,4,499,-1.9574432373046875,-2.3203201293945312,-1.6923184394836426,-0.9551914930343628,-1.9376312494277954,-1.2509621381759644,-0.274100124835968
41,29,5,500,-1.5067332983016968,-2.333458423614502,-1.6970674991607666,-0.9590558409690857,-2.0567033290863037,-1.265014410018921,-0.18443799018859863
41,30,1,496,-1.1576921939849854,-1.6488173007965088,-1.1033968925476074,-0.4128313660621643,-2.497814655303955,-1.606026291847229,-0.609569787979126
41,30,2,497,-1.1339231729507446,-1.7231502532958984,-1.1809954643249512,-0.4864388704299927,-2.2858376502990723,-1.4767054319381714,-0.4818706512451172
41,30,3,498,-1.3975473642349243,-1.782231092453003,-1.240309476852417,-0.5421572327613831,-2.091820240020752,-1.2412301301956177,-0.3401654362678528
41,30,4,499,-1.340017318725586,-1.8171398639678955,-1.2716076374053955,-0.5706188082695007,-1.9114818572998047,-1.0460511445999146,-0.1660071611404419
41,30,5,500,-1.300856351852417,-1.8479981422424316,-1.2948579788208008,-0.5914282202720642,-1.8055107593536377,-0.8531537055969238,-0.04404282569885254
41,31,1,496,1.5531117916107178,-0.24752193689346313,0.2656363844871521,1.0008862018585205,-0.677259624004364,0.18875133991241455,1.0359944105148315
41,31,2,497,0.4968988299369812,-0.3200036287307739,0.1885659545660019,0.9260277152061462,-0.833163321018219,0.034187719225883484,0.9509100914001465
41,31,3,498,0.3469095826148987,-0.4160345196723938,0.09095287322998047,0.8306354880332947,-0.7486847639083862,0.0731557235121727,0.9658846259117126
41,31,4,499,0.5594565868377686,-0.4418257474899292,0.06739495694637299,0.8092436790466309,-0.5250075459480286,0.16547173261642456,1.0598952770233154
41,31,5,500,0.16648370027542114,-0.45382118225097656,0.06142592430114746,0.805311381816864,-0.46958059072494507,0.286807119846344,1.2025799751281738
41,32,1,496,-0.0013642720878124237,-0.8560191988945007,-0.33913981914520264,0.38907021284103394,-1.4960291385650635,-0.557030200958252,0.4789087772369385
41,32,2,497,0.4521218538284302,-0.7984966039657593,-0.28548067808151245,0.4454348683357239,-1.401818037033081,-0.5446970462799072,0.5100148916244507
41,32,3,498,0.23407460749149323,-0.7996190786361694,-0.28760313987731934,0.44593608379364014,-1.1980922222137451,-0.3583132326602936,0.6712486743927002
41,32,4,499,0.7012866139411926,-0.802057147026062,-0.2878892421722412,0.4480752944946289,-1.162492036819458,-0.3358583152294159,0.626534104347229
41,32,5,500,1.1851747035980225,-0.803744912147522,-0.28379732370376587,0.45447784662246704,-1.0939676761627197,-0.18411074578762054,0.7402163743972778
41,33,1,496,-0.13107527792453766,-0.7995150089263916,-0.2109839767217636,0.4071316123008728,-1.627190351486206,-0.556041419506073,0.3211759924888611
41,33,2,497,-0.025883160531520844,-0.8427519798278809,-0.257235586643219,0.3646225929260254,-1.5678038597106934,-0.5474746823310852,0.415665864944458
41,33,3,498,0.5052915811538696,-0.8654175996780396,-0.27984490990638733,0.34469130635261536,-1.4685945510864258,-0.4512158930301666,0.49256888031959534
41,33,4,499,-0.22920340299606323,-0.9120412468910217,-0.3229379653930664,0.30403822660446167,-1.4497607946395874,-0.37909185886383057,0.5070656538009644
41,33,5,500,-0.6143852472305298,-0.9751266241073608,-0.3790333867073059,0.24974441528320312,-1.417396068572998,-0.34586796164512634,0.5010668039321899
41,34,1,496,-0.9950652718544006,-2.025543451309204,-1.4206242561340332,-0.8165228366851807,-1.4467852115631104,-0.6569063663482666,0.2020730972290039
41,34,2,497,-0.018255159258842468,-2.1147377490997314,-1.512793779373169,-0.903295636177063,-1.1605796813964844,-0.4801653027534485,0.42454153299331665
41,34,3,498,-0.027823403477668762,-2.2456955909729004,-1.6433649063110352,-1.029711365699768,-1.159797191619873,-0.36957329511642456,0.48909521102905273
41,34,4,499,0.09475159645080566,-2.391293525695801,-1.7841887474060059,-1.1679491996765137,-1.2407307624816895,-0.556668758392334,0.44937121868133545
41,34,5,500,-0.0022653043270111084,-2.506836175918579,-1.890636920928955,-1.2735695838928223,-1.3878591060638428,-0.5755320191383362,0.35156571865081787
41,35,1,496,-1.1108752489089966,-2.232020378112793,-1.641028642654419,-1.0175564289093018,-1.8353683948516846,-1.177169680595398,-0.17154669761657715
41,35,2,497,-0.9500551223754883,-2.2933528423309326,-1.7056598663330078,-1.0765188932418823,-1.8179972171783447,-0.991381824016571,-0.06576824188232422
41,35,3,498,-0.8779544234275818,-2.3640739917755127,-1.7760565280914307,-1.1431567668914795,-1.5708894729614258,-0.8578593134880066,0.14987832307815552
41,35,4,499,-1.2064495086669922,-2.417435646057129,-1.8248672485351562,-1.1900163888931274,-1.5741891860961914,-0.7991159558296204,0.15891718864440918
41,35,5,500,-0.5396592617034912,-2.457796096801758,-1.8564496040344238,-1.221617579460144,-1.3431591987609863,-0.5702937245368958,0.3662504553794861
41,36,1,496,0.46140074729919434,-0.1832694113254547,0.3130643367767334,1.068835735321045,-0.1907423436641693,0.48132529854774475,1.2675213813781738
41,36,2,497,0.5749948620796204,-0.25985726714134216,0.2324393391609192,0.990734875202179,-0.02639240026473999,0.5923298597335815,1.3908956050872803
41,36,3,498,0.7856705784797668,-0.32987886667251587,0.16158220171928406,0.9216779470443726,0.06987935304641724,0.6025698184967041,1.4362961053848267
41,36,4,499,0.7930375933647156,-0.42005959153175354,0.07418354600667953,0.8355324268341064,-0.04074108600616455,0.6483061909675598,1.4850332736968994
41,36,5,500,0.8057336807250977,-0.5365268588066101,-0.03601217269897461,0.726099967956543,0.02154719829559326,0.706572413444519,1.5455676317214966
41,37,1,496,1.2472918033599854,0.3017176389694214,0.7868821024894714,1.5516393184661865,-0.47669458389282227,0.577925443649292,1.5309722423553467
41,37,2,497,1.2784258127212524,0.06264907121658325,0.5442439913749695,1.3092124462127686,-0.21921443939208984,0.8747996091842651,1.7813951969146729
41,37,3,498,1.2541565895080566,-0.09410762786865234,0.3869956135749817,1.1521885395050049,-0.10489398241043091,0.9572411179542542,1.8919227123260498
41,37,4,499,0.2919386029243469,-0.1618880033493042,0.3221381604671478,1.0875121355056763,0.07928228378295898,1.124724268913269,2.0769591331481934
41,37,5,500,1.3225736618041992,-0.20605254173278809,0.28421592712402344,1.0497517585754395,0.17115235328674316,1.2487680912017822,2.2876720428466797
41,38,1,496,-0.5932852625846863,-1.5458300113677979,-0.973462700843811,-0.24452495574951172,-1.0467817783355713,-0.3953053951263428,0.3200748562812805
41,38,2,497,-0.5438061356544495,-1.550351619720459,-0.9811481833457947,-0.2504189610481262,-1.0922354459762573,-0.42115655541419983,0.25847646594047546
41,38,3,498,-1.111964464187622,-1.618981122970581,-1.049302339553833,-0.317454993724823,-0.9620929956436157,-0.3769477605819702,0.3199586868286133
41,38,4,499,-1.9250054359436035,-1.7140916585922241,-1.1398496627807617,-0.4072762727737427,-1.1415648460388184,-0.6070730090141296,0.07272857427597046
41,38,5,500,-0.6886782646179199,-1.807664394378662,-1.2248518466949463,-0.49228495359420776,-1.1247280836105347,-0.5238505005836487,0.18322473764419556
41,39,1,496,-1.1608582735061646,-1.9670977592468262,-1.3776757717132568,-0.635604202747345,-1.8907991647720337,-1.0088943243026733,-0.3970654010772705
41,39,2,497,-0.9793471097946167,-1.9614369869232178,-1.3749732971191406,-0.6313718557357788,-1.7038938999176025,-0.9440851807594299,-0.2019563913345337
41,39,3,498,-1.5525743961334229,-1.9583146572113037,-1.3712775707244873,-0.6268565654754639,-1.6642096042633057,-0.9546455144882202,-0.06240957975387573
41,39,4,499,-2.0695152282714844,-1.9447733163833618,-1.352945327758789,-0.6082908511161804,-1.626415729522705,-0.8087862133979797,0.1533113718032837
41,39,5,500,-1.270309329032898,-1.9287495613098145,-1.3280868530273438,-0.5841259956359863,-1.5112236738204956,-0.7730172872543335,0.23583102226257324
41,40,1,496,0.4784057140350342,-1.0615499019622803,-0.5255247354507446,0.19712066650390625,-0.6870351433753967,0.24886922538280487,1.1553268432617188
41,40,2,497,0.15471184253692627,-1.187644124031067,-0.655306875705719,0.0691729187965393,-0.7759133577346802,0.07586722075939178,0.9644066691398621
41,40,3,498,-0.24035640060901642,-1.237809658050537,-0.7058780789375305,0.019943594932556152,-0.7983062863349915,0.03718205541372299,0.9283342361450195
41,40,4,499,0.005551598966121674,-1.2455308437347412,-0.71048903465271,0.016571521759033203,-0.8361170887947083,0.08159781992435455,1.0035170316696167
41,40,5,500,0.1501016914844513,-1.201960563659668,-0.6604029536247253,0.06757605075836182,-0.8949403166770935,0.036566272377967834,0.9225915670394897
41,41,1,496,-0.26870524883270264,-0.7899045944213867,-0.3032818138599396,0.4417026937007904,-1.4514529705047607,-0.5711882710456848,0.13521385192871094
41,41,2,497,-0.5952481627464294,-0.7826433181762695,-0.29990339279174805,0.4485878348350525,-1.5962316989898682,-0.7682721614837646,-0.0017246007919311523
41,41,3,498,-0.21402539312839508,-0.8333922624588013,-0.35162729024887085,0.40003854036331177,-1.6219840049743652,-0.8188315629959106,0.034612178802490234
41,41,4,499,-0.42235642671585083,-1.008996605873108,-0.5248391628265381,0.22924774885177612,-1.6116392612457275,-0.8187191486358643,0.04020577669143677
41,41,5,500,-0.20727631449699402,-1.1219333410263062,-0.6320589184761047,0.12387895584106445,-1.4752604961395264,-0.6630886793136597,0.058163464069366455
41,42,1,496,0.8725706934928894,-0.15900439023971558,0.3337165117263794,1.0845658779144287,-0.4248272776603699,0.4937294125556946,1.4875218868255615
41,42,2,497,1.0843368768692017,-0.18697583675384521,0.3022860288619995,1.0561227798461914,-0.38598671555519104,0.4793485105037689,1.4076218605041504
41,42,3,498,1.2259745597839355,-0.25048601627349854,0.23822277784347534,0.9943612813949585,-0.3808329105377197,0.4531310200691223,1.3236608505249023
41,42,4,499,0.8945925831794739,-0.3074326813220978,0.18396884202957153,0.9421285390853882,-0.2755819857120514,0.4849001467227936,1.3934623003005981
41,42,5,500,1.3117096424102783,-0.265802800655365,0.23145794868469238,0.9911953806877136,-0.22143423557281494,0.5902851819992065,1.4819568395614624
41,43,1,496,-0.5960263013839722,-1.2782182693481445,-0.6876077055931091,-0.05894434452056885,-1.7094329595565796,-0.7346261739730835,0.29129719734191895
41,43,2,497,-0.40803617238998413,-1.2568602561950684,-0.6697804927825928,-0.03488421440124512,-1.595986247062683,-0.6196310520172119,0.4196735620498657
41,43,3,498,-0.4883784055709839,-1.2730038166046143,-0.6863127946853638,-0.04635697603225708,-1.586059331893921,-0.5564265847206116,0.42325305938720703
41,43,4,499,-0.6051893830299377,-1.2903940677642822,-0.7003870606422424,-0.057517051696777344,-1.5361907482147217,-0.5188982486724854,0.45157498121261597
41,43,5,500,-0.2734493017196655,-1.3196887969970703,-0.7224358320236206,-0.0784791111946106,-1.6391220092773438,-0.5921090841293335,0.39495283365249634
41,44,1,496,-1.4389442205429077,-2.357132911682129,-1.819162368774414,-1.129136085510254,-2.37204647064209,-1.4867316484451294,-0.6390202641487122
41,44,2,497,-1.0757660865783691,-2.4593257904052734,-1.9254953861236572,-1.2284650802612305,-2.280810594558716,-1.403306245803833,-0.58193039894104
41,44,3,498,-0.6282253861427307,-2.530341625213623,-1.9968006610870361,-1.2948753833770752,-2.2981762886047363,-1.4576265811920166,-0.5197890400886536
41,44,4,499,-0.7199844121932983,-2.5588059425354004,-2.021329641342163,-1.31656813621521,-2.3495640754699707,-1.4373911619186401,-0.5728838443756104
41,44,5,500,-0.6126272678375244,-2.582272529602051,-2.0368340015411377,-1.3311851024627686,-2.4044127464294434,-1.5120607614517212,-0.7429029941558838
41,45,1,496,-0.7712442874908447,-1.4998139142990112,-0.9995108246803284,-0.27332013845443726,-1.2864940166473389,-0.5550623536109924,0.32422125339508057
41,45,2,497,-0.7550941705703735,-1.5547683238983154,-1.0582520961761475,-0.32621967792510986,-1.2301708459854126,-0.4955044686794281,0.40065690875053406
41,45,3,498,-0.5365174412727356,-1.5789875984191895,-1.0832290649414062,-0.34697169065475464,-1.1483781337738037,-0.3887406289577484,0.5248301029205322
41,45,4,499,-0.11288340389728546,-1.592313528060913,-1.0939922332763672,-0.3553084135055542,-1.1109920740127563,-0.314255952835083,0.4938891530036926
41,45,5,500,0.15106169879436493,-1.5818233489990234,-1.077409029006958,-0.33832472562789917,-1.1372253894805908,-0.38408634066581726,0.48089513182640076
41,46,1,496,0.6796076893806458,-0.28038689494132996,0.2271735966205597,0.9639871120452881,-0.19877135753631592,0.6041502356529236,1.742173194885254
41,46,2,497,0.3482598662376404,-0.36104655265808105,0.14283578097820282,0.8850803375244141,-0.16757023334503174,0.546711802482605,1.7563107013702393
41,46,3,498,0.6477015614509583,-0.43483489751815796,0.06850993633270264,0.8144157528877258,-0.08860456943511963,0.5930072665214539,1.7991604804992676
41,46,4,499,0.19783559441566467,-0.47424352169036865,0.032151930034160614,0.7798973917961121,0.0025899410247802734,0.6786314249038696,1.760448694229126
41,46,5,500,0.7028946876525879,-0.4519251585006714,0.060913145542144775,0.80924391746521,-0.12612617015838623,0.5753153562545776,1.7305842638015747
41,47,1,496,-1.3778811693191528,-2.3247101306915283,-1.8158435821533203,-1.05308997631073,-1.7771601676940918,-0.9737318754196167,-0.20277202129364014
41,47,2,497,-1.514557123184204,-2.275022506713867,-1.769826889038086,-1.0058810710906982,-2.2181906700134277,-1.463511347770691,-0.6943032145500183
41,47,3,498,-1.426668405532837,-2.2823898792266846,-1.7776753902435303,-1.0131700038909912,-2.2710440158843994,-1.621880054473877,-0.8436881899833679
41,47,4,499,-1.873577356338501,-2.3231587409973145,-1.8153784275054932,-1.0506045818328857,-2.214482307434082,-1.3995716571807861,-0.7192773222923279
41,47,5,500,-1.7311782836914062,-2.38023042678833,-1.8659381866455078,-1.1009318828582764,-2.1732254028320312,-1.2855051755905151,-0.5967690348625183
41,48,1,496,-0.11770026385784149,-1.000403881072998,-0.46893376111984253,0.27847057580947876,-1.0279836654663086,-0.15928439795970917,0.45054084062576294
41,48,2,497,0.31466084718704224,-1.1060757637023926,-0.5785518288612366,0.17009639739990234,-0.9913226962089539,-0.15428702533245087,0.5237296223640442
41,48,3,498,-0.31486737728118896,-1.2062063217163086,-0.6794854998588562,0.06978201866149902,-0.8612827062606812,-0.04582555219531059,0.5662899017333984
41,48,4,499,-1.4764244556427002,-1.242379903793335,-0.7129963040351868,0.036428749561309814,-0.755699872970581,0.059096984565258026,0.7185304164886475
41,48,5,500,-0.9367283582687378,-1.2652418613433838,-0.729313313961029,0.01972752809524536,-0.8395776748657227,0.004427779465913773,0.7340729236602783
41,49,1,496,0.5240137577056885,-0.5765435099601746,-0.011330783367156982,0.7440034747123718,-0.3447292149066925,0.32897189259529114,1.4513585567474365
41,49,2,497,0.6040488481521606,-0.6201840043067932,-0.057622358202934265,0.6987629532814026,-0.33482810854911804,0.36788681149482727,1.490813970565796
41,49,3,498,0.19077859818935394,-0.6337688565254211,-0.07083933055400848,0.6861244440078735,-0.4557868242263794,0.18838679790496826,1.3296810388565063
41,49,4,499,-0.24947339296340942,-0.622035562992096,-0.054990485310554504,0.702102541923523,-0.41432705521583557,0.16513249278068542,1.309365153312683
41,49,5,500,0.2678256928920746,-0.6007143259048462,-0.025699026882648468,0.7307875156402588,-0.353636771440506,0.36282411217689514,1.4564135074615479
41,50,1,496,0.6568686962127686,-0.481152206659317,0.02661498636007309,0.7524058222770691,-0.9630945920944214,0.07289603352546692,1.0555819272994995
41,50,2,497,-0.21514515578746796,-0.5126316547393799,-0.008808784186840057,0.7192864418029785,-0.9833431839942932,0.010980043560266495,1.0667113065719604
41,50,3,498,0.211680606007576,-0.5255725383758545,-0.022731177508831024,0.7073854804039001,-0.999675989151001,-0.01749492436647415,1.0013556480407715
41,50,4,499,0.4882775843143463,-0.5184924006462097,-0.013232037425041199,0.7185774445533752,-1.0559877157211304,-0.06373728066682816,0.8847753405570984
41,50,5,500,0.4982476830482483,-0.4862803518772125,0.02486344426870346,0.7578181624412537,-1.170983076095581,-0.16223421692848206,0.831470251083374
41,51,1,496,0.13720372319221497,-0.6245243549346924,-0.13456320762634277,0.6098779439926147,-0.7397571802139282,0.14988714456558228,1.0453674793243408
41,51,2,497,0.046259842813014984,-0.6190178394317627,-0.13284608721733093,0.6139259338378906,-0.6670874357223511,0.2650142014026642,1.0804260969161987
41,51,3,498,0.21701160073280334,-0.6238879561424255,-0.13862726092338562,0.6103744506835938,-0.6237065196037292,0.26799505949020386,1.2194701433181763
41,51,4,499,0.7090585827827454,-0.6178478002548218,-0.13019320368766785,0.6204607486724854,-0.3702024817466736,0.5330726504325867,1.3740758895874023
41,51,5,500,0.5613386631011963,-0.6082838773727417,-0.11499291658401489,0.6364920139312744,-0.30094558000564575,0.5774670839309692,1.405306100845337
41,52,1,496,-0.011028271168470383,-0.5538262128829956,-0.015528760850429535,0.7211689352989197,-0.4172503352165222,0.31808310747146606,1.1960833072662354
41,52,2,497,-0.08707715570926666,-0.6008197665214539,-0.06619402021169662,0.6735265851020813,-0.41859108209609985,0.30845940113067627,1.2055315971374512
41,52,3,498,0.10867159813642502,-0.6473420858383179,-0.11357855796813965,0.6286281943321228,-0.47845908999443054,0.3547423779964447,1.16779625415802
41,52,4,499,-0.4028434157371521,-0.6832035183906555,-0.1467576026916504,0.5974096059799194,-0.4585886001586914,0.4270918369293213,1.1585955619812012
41,52,5,500,0.1881936937570572,-0.688457190990448,-0.14587615430355072,0.5998974442481995,-0.35167887806892395,0.3859708607196808,1.2664200067520142
41,53,1,496,-0.6123572587966919,-2.0000548362731934,-1.419158697128296,-0.7233779430389404,-2.0427117347717285,-1.2221643924713135,-0.18766534328460693
41,53,2,497,-1.2321771383285522,-2.0462872982025146,-1.469853401184082,-0.7696296572685242,-1.9622881412506104,-1.1034319400787354,-0.18952929973602295
41,53,3,498,-1.2341864109039307,-2.1045241355895996,-1.5292508602142334,-0.8257209658622742,-2.010326623916626,-1.1569067239761353,-0.20682108402252197
41,53,4,499,-1.1680314540863037,-2.2135567665100098,-1.6352174282073975,-0.9290175437927246,-2.00681471824646,-1.1306495666503906,-0.17830121517181396
41,53,5,500,-0.5821113586425781,-2.315751552581787,-1.7307207584381104,-1.0227296352386475,-2.1773178577423096,-1.386301875114441,-0.2640700340270996
41,54,1,496,-0.7754513025283813,-2.21630597114563,-1.6935205459594727,-1.0010459423065186,-2.1454579830169678,-1.3794106245040894,-0.3630727529525757
41,54,2,497,-0.7747571468353271,-2.2369697093963623,-1.7189185619354248,-1.020423173904419,-2.164155960083008,-1.3079617023468018,-0.3911551237106323
41,54,3,498,0.09304659813642502,-2.2450368404388428,-1.7285938262939453,-1.0258437395095825,-1.9792745113372803,-1.1543048620224,-0.24677497148513794
41,54,4,499,-0.7333623766899109,-2.248598098754883,-1.7302114963531494,-1.0252207517623901,-2.0264434814453125,-0.9989237189292908,-0.06857693195343018
41,54,5,500,-0.8802493810653687,-2.2293264865875244,-1.7054002285003662,-1.0005667209625244,-2.082359790802002,-0.994956910610199,-0.0681867003440857
41,55,1,496,-1.3538051843643188,-2.18292498588562,-1.669752836227417,-0.975287914276123,-1.2884217500686646,-0.6644893884658813,0.292661190032959
41,55,2,497,-0.9102461338043213,-2.2252907752990723,-1.7168986797332764,-1.015104055404663,-1.2724981307983398,-0.6214839220046997,0.2984260320663452
41,55,3,498,-1.0705914497375488,-2.227454900741577,-1.7206506729125977,-1.0133814811706543,-1.28400719165802,-0.7356619238853455,0.2207161784172058
41,55,4,499,-1.472637414932251,-2.1952269077301025,-1.6863071918487549,-0.9759796261787415,-1.4006233215332031,-0.8111994862556458,0.09940534830093384
41,55,5,500,-0.9215003252029419,-2.1325483322143555,-1.6177978515625,-0.9067598581314087,-1.6428396701812744,-0.9857090711593628,-0.06820493936538696
41,56,1,496,-0.3661312460899353,-1.5315437316894531,-0.9676209092140198,-0.2750656008720398,-1.2269397974014282,-0.1560971438884735,0.9596015214920044
41,56,2,497,-0.3995491862297058,-1.544281005859375,-0.9847891330718994,-0.285403847694397,-1.2112879753112793,-0.1549074947834015,0.9770227670669556
41,56,3,498,-0.8915613889694214,-1.535728931427002,-0.9772621989250183,-0.27253299951553345,-1.0452625751495361,-0.024393072351813316,1.058463215827942
41,56,4,499,-0.6829394102096558,-1.432042121887207,-0.8707330226898193,-0.16288334131240845,-0.951610267162323,0.07868975400924683,1.1595354080200195
41,56,5,500,-0.19320529699325562,-1.3030126094818115,-0.7349972724914551,-0.026066184043884277,-1.1222243309020996,0.06801069527864456,1.0496296882629395
41,57,1,496,0.7277337312698364,-0.5491911172866821,-0.006653457880020142,0.7253082990646362,-1.0722039937973022,-0.03731701523065567,0.6554503440856934
41,57,2,497,0.632287859916687,-0.7057152390480042,-0.1671844720840454,0.5689511895179749,-0.864777147769928,0.14983980357646942,0.8257178068161011
41,57,3,498,0.5403655767440796,-0.79949951171875,-0.2615821659564972,0.4779825508594513,-0.83404141664505,0.21600311994552612,0.9583742618560791
41,57,4,499,0.4136536121368408,-0.8680405616760254,-0.3269270658493042,0.4151346683502197,-0.822697639465332,0.22752663493156433,0.9607871770858765
41,57,5,500,-0.10522030293941498,-0.939775824546814,-0.39183443784713745,0.3513070344924927,-0.8750354051589966,0.10719463229179382,0.9965813159942627
41,58,1,496,-0.1352122724056244,-0.9283754229545593,-0.3835206627845764,0.35723620653152466,-1.390340805053711,-0.4087378680706024,0.5132083892822266
41,58,2,497,0.36774885654449463,-0.9863554239273071,-0.44571682810783386,0.29786303639411926,-1.3445322513580322,-0.352142870426178,0.4106244444847107
41,58,3,498,-0.23744840919971466,-1.007106900215149,-0.4671396017074585,0.27809375524520874,-1.3871188163757324,-0.3523763418197632,0.43312203884124756
41,58,4,499,-1.457545518875122,-1.0105448961257935,-0.4672717750072479,0.278943806886673,-1.239075779914856,-0.19800648093223572,0.554807186126709
41,58,5,500,-0.9061623811721802,-1.0312163829803467,-0.48079973459243774,0.2657310962677002,-1.3711645603179932,-0.34083226323127747,0.4362851679325104
41,59,1,496,0.38370275497436523,-0.45205458998680115,0.11142262816429138,0.8650884628295898,-0.9615620374679565,-0.16260915994644165,0.6393070220947266
41,59,2,497,0.8432798385620117,-0.47198349237442017,0.08850325644016266,0.8435832858085632,-0.9429136514663696,-0.13634049892425537,0.7227813005447388
41,59,3,498,0.07681159675121307,-0.5098406672477722,0.05050910264253616,0.8065047860145569,-0.878770112991333,0.013605546206235886,0.6567656993865967
41,59,4,499,-0.12215040624141693,-0.5263074636459351,0.03778955340385437,0.7942136526107788,-0.9093393683433533,-0.00900045782327652,0.7610464692115784
41,59,5,500,0.41967469453811646,-0.4988294839859009,0.07278907299041748,0.829362154006958,-0.6743701696395874,0.1306704729795456,0.9595928192138672
41,60,1,496,-0.5179652571678162,-1.018305778503418,-0.4956796169281006,0.2087154984474182,-1.1725401878356934,-0.4424512982368469,0.3942273259162903
41,60,2,497,-0.7903721332550049,-0.972163200378418,-0.4537201523780823,0.25280100107192993,-1.1483418941497803,-0.38816025853157043,0.48952266573905945
41,60,3,498,-0.8285384178161621,-0.9064797759056091,-0.3891645669937134,0.3186260461807251,-1.1222429275512695,-0.41335543990135193,0.44718584418296814
41,60,4,499,-0.20588940382003784,-0.8555423021316528,-0.3358236253261566,0.37273988127708435,-1.1656618118286133,-0.3786337077617645,0.4154827296733856
41,60,5,500,-0.22210630774497986,-0.842607855796814,-0.3170197308063507,0.3923051655292511,-1.2878609895706177,-0.4066842794418335,0.38541167974472046
41,61,1,496,-1.3995912075042725,-1.5247454643249512,-0.9866904616355896,-0.2417585253715515,-2.129486083984375,-1.1969871520996094,-0.3353210687637329
41,61,2,497,-1.4851680994033813,-1.6104087829589844,-1.0770111083984375,-0.3292381167411804,-2.1503796577453613,-1.240578293800354,-0.45935457944869995
41,61,3,498,-0.7112864255905151,-1.6745202541351318,-1.1425881385803223,-0.3924633860588074,-2.145693302154541,-1.3135578632354736,-0.4879950284957886
41,61,4,499,-0.3972983956336975,-1.7695398330688477,-1.2354166507720947,-0.48357582092285156,-2.0690505504608154,-1.220334529876709,-0.37218016386032104
41,61,5,500,-0.10104130208492279,-1.8691449165344238,-1.3292968273162842,-0.5765132904052734,-2.0360286235809326,-1.1895369291305542,-0.3853326439857483
41,62,1,496,0.01734272949397564,-0.7328101396560669,-0.18101993203163147,0.5508745908737183,-1.4363609552383423,-0.5929749608039856,0.3990667462348938
41,62,2,497,-0.27525514364242554,-0.7237340807914734,-0.17705035209655762,0.5580306053161621,-1.3361825942993164,-0.5102463960647583,0.5158804655075073
41,62,3,498,-0.03379339724779129,-0.7325155735015869,-0.18733514845371246,0.5504207015037537,-1.2942615747451782,-0.39826634526252747,0.6005418300628662
41,62,4,499,-0.24843540787696838,-0.7362556457519531,-0.1890188753604889,0.5504928827285767,-1.0846686363220215,-0.2003239095211029,0.8588627576828003
41,62,5,500,-0.12834429740905762,-0.7695307731628418,-0.21631941199302673,0.5246341228485107,-0.906138002872467,-0.08119330555200577,0.9962862730026245
41,63,1,496,-0.7395002841949463,-1.0356667041778564,-0.47226476669311523,0.2108866572380066,-1.299675703048706,-0.5654648542404175,0.28042829036712646
41,63,2,497,-0.22784815728664398,-1.0732307434082031,-0.5143980979919434,0.17320901155471802,-1.3246772289276123,-0.6362736821174622,0.22584259510040283
41,63,3,498,-0.8751733899116516,-1.1788430213928223,-0.6221229434013367,0.06894814968109131,-1.4494044780731201,-0.7111181020736694,0.13954561948776245
41,63,4,499,-0.8859894275665283,-1.2658815383911133,-0.7077208161354065,-0.01522982120513916,-1.4697566032409668,-0.6658694744110107,0.15879368782043457
41,63,5,500,-0.5754443407058716,-1.2884654998779297,-0.7252338528633118,-0.03220266103744507,-1.5313286781311035,-0.6883381605148315,0.15248596668243408
41,64,1,496,-1.057044267654419,-2.489513874053955,-1.9780607223510742,-1.3020050525665283,-2.5321438312530518,-1.5859581232070923,-0.7891005873680115
41,64,2,497,-0.8812401294708252,-2.5171632766723633,-2.010014295578003,-1.3280138969421387,-2.4287912845611572,-1.5590543746948242,-0.6987050771713257
41,64,3,498,-1.0298854112625122,-2.5635335445404053,-2.0578396320343018,-1.371775507926941,-2.452049493789673,-1.5746071338653564,-0.8150776028633118
41,64,4,499,-1.4112334251403809,-2.626293420791626,-2.118938684463501,-1.4304474592208862,-2.56362247467041,-1.6930272579193115,-0.9124546051025391
41,64,5,500,-1.3539162874221802,-2.68629789352417,-2.1736605167388916,-1.4844926595687866,-2.758181571960449,-1.8279736042022705,-1.0217068195343018
41,65,1,496,-0.3767092823982239,-1.9362714290618896,-1.4278662204742432,-0.7496111392974854,-1.311042070388794,-0.6544878482818604,0.3779442310333252
41,65,2,497,-0.25041013956069946,-2.027944326400757,-1.5234062671661377,-0.8383844494819641,-1.3544727563858032,-0.6129752397537231,0.35356253385543823
41,65,3,498,-0.8371354341506958,-2.1105904579162598,-1.6070332527160645,-0.9168281555175781,-1.3079694509506226,-0.6640246510505676,0.3044690489768982
41,65,4,499,-0.7615823745727539,-2.162736654281616,-1.6568851470947266,-0.9634415507316589,-1.673147439956665,-0.8273117542266846,0.07900327444076538
41,65,5,500,-0.8447773456573486,-2.1938817501068115,-1.6824467182159424,-0.9879749417304993,-1.7535454034805298,-0.9691991806030273,-0.07440447807312012
41,66,1,496,0.2583237290382385,-0.9361000061035156,-0.39425143599510193,0.2889213263988495,-1.45461106300354,-0.5861368775367737,0.3024523854255676
41,66,2,497,0.3755638599395752,-1.0197999477386475,-0.4814980924129486,0.2077184021472931,-1.2462859153747559,-0.47152653336524963,0.46190759539604187
41,66,3,498,0.31341761350631714,-1.054898738861084,-0.5170301198959351,0.176896870136261,-1.117317795753479,-0.3268878757953644,0.5829651355743408
41,66,4,499,-0.22958439588546753,-1.0873585939407349,-0.546327531337738,0.15049958229064941,-1.075913429260254,-0.21591025590896606,0.6679142713546753
41,66,5,500,-0.3487333059310913,-1.0883331298828125,-0.5406779050827026,0.15741783380508423,-0.942408561706543,-0.07934292405843735,0.7732769250869751
41,67,1,496,0.5109087228775024,0.20597833395004272,0.745496392250061,1.4619663953781128,-0.13900035619735718,0.764701783657074,1.6420623064041138
41,67,2,497,0.38678282499313354,0.07458651065826416,0.6100890636444092,1.330123782157898,-0.2925669550895691,0.6449140310287476,1.4877121448516846
41,67,3,498,0.35800057649612427,-0.020194053649902344,0.514711320400238,1.2380623817443848,-0.0701441764831543,0.8356634974479675,1.7636089324951172
41,67,4,499,0.12585559487342834,-0.052099764347076416,0.48615485429763794,1.2116996049880981,-0.04077589511871338,0.8731736540794373,1.6914100646972656
41,67,5,500,0.8302847146987915,-0.07291322946548462,0.4725056290626526,1.1986942291259766,-0.09170228242874146,0.7722528576850891,1.6630353927612305
41,68,1,496,0.19490273296833038,-0.35080811381340027,0.2137165367603302,0.9504638910293579,-0.7403256893157959,0.16165472567081451,1.0687848329544067
41,68,2,497,0.4298558235168457,-0.3827291429042816,0.17724081873893738,0.9172570705413818,-0.9580592513084412,-0.10913212597370148,0.8342633247375488
41,68,3,498,-0.15054039657115936,-0.4227258861064911,0.13613834977149963,0.8787038326263428,-0.8802149295806885,-0.09041979163885117,0.7550275325775146
41,68,4,499,-0.6392304301261902,-0.4698965549468994,0.0917096883058548,0.8361197113990784,-0.9019025564193726,-0.024234695360064507,0.8252864480018616
41,68,5,500,-0.12309630215167999,-0.5194489359855652,0.0485648438334465,0.7940177917480469,-0.8263214826583862,0.03685817867517471,0.9343669414520264
41,69,1,496,-0.7242932915687561,-0.2344445288181305,0.3499273359775543,1.0870933532714844,-1.1824369430541992,-0.2985188961029053,0.5124791264533997
41,69,2,497,0.21747983992099762,-0.27475181221961975,0.30475834012031555,1.0454741716384888,-1.1409060955047607,-0.3475976586341858,0.43468910455703735
41,69,3,498,-0.5506663918495178,-0.306312620639801,0.2716214656829834,1.0147995948791504,-1.0835851430892944,-0.29659923911094666,0.5543394088745117
41,69,4,499,-1.019606351852417,-0.33139416575431824,0.24860838055610657,0.9935269355773926,-1.1358859539031982,-0.36142921447753906,0.4825625419616699
41,69,5,500,-0.4933592975139618,-0.34727445244789124,0.2382587492465973,0.9841588735580444,-1.2421417236328125,-0.4391043186187744,0.39209479093551636
41,70,1,496,-1.3282452821731567,-2.352888584136963,-1.7518234252929688,-1.0665507316589355,-2.904433250427246,-2.112169027328491,-1.1442244052886963
41,70,2,497,-1.9321331977844238,-2.3228790760040283,-1.724229097366333,-1.0374176502227783,-2.863297462463379,-1.9520658254623413,-1.1245722770690918
41,70,3,498,-1.1873314380645752,-2.3091418743133545,-1.7105257511138916,-1.0220201015472412,-2.762547016143799,-1.806467056274414,-0.97445148229599
41,70,4,499,-1.495349407196045,-2.33233904838562,-1.730942726135254,-1.0407568216323853,-2.7462732791900635,-1.8261725902557373,-0.991328239440918
41,70,5,500,-1.8193793296813965,-2.35945725440979,-1.7525243759155273,-1.0613443851470947,-2.7294113636016846,-1.8286162614822388,-0.949653148651123
41,71,1,496,-0.45768725872039795,-1.922938346862793,-1.339329481124878,-0.5993674397468567,-2.6026625633239746,-1.7644314765930176,-0.7967976331710815
41,71,2,497,-1.0775021314620972,-2.0806212425231934,-1.4995334148406982,-0.7570145726203918,-2.667556047439575,-1.7881807088851929,-0.8767365217208862
41,71,3,498,-0.8964493870735168,-2.2002501487731934,-1.6197643280029297,-0.8748332858085632,-2.6450319290161133,-1.739365577697754,-0.8882061839103699
41,71,4,499,-0.8002914190292358,-2.288933277130127,-1.7064850330352783,-0.959750771522522,-2.5894956588745117,-1.7310436964035034,-0.8018366098403931
41,71,5,500,-0.9913873672485352,-2.31514310836792,-1.7278242111206055,-0.9802175760269165,-2.6151182651519775,-1.681188941001892,-0.7380477786064148
41,72,1,496,0.7109476923942566,-0.6976211071014404,-0.15775315463542938,0.6057722568511963,-1.2057838439941406,-0.2714725434780121,0.9513169527053833
41,72,2,497,0.0028388425707817078,-0.7392148971557617,-0.20466341078281403,0.559437096118927,-1.1463004350662231,-0.2949467599391937,0.8790850639343262
41,72,3,498,-0.15442439913749695,-0.7543380856513977,-0.22177021205425262,0.5425471067428589,-1.2767812013626099,-0.3434598445892334,0.7269439697265625
41,72,4,499,-0.3166213929653168,-0.7576019167900085,-0.2231454700231552,0.5413802266120911,-1.112938404083252,-0.2665407061576843,0.8067577481269836
41,72,5,500,-0.1027023047208786,-0.7577678561210632,-0.21767491102218628,0.5470021963119507,-1.051268458366394,-0.20601102709770203,0.9219967126846313
41,73,1,496,0.08443373441696167,-0.7392297983169556,-0.1962762475013733,0.5481330752372742,-1.2712149620056152,-0.5251535177230835,0.4496726393699646
41,73,2,497,-0.46044015884399414,-0.7290395498275757,-0.19076290726661682,0.5579590797424316,-1.3494186401367188,-0.573005735874176,0.2721828818321228
41,73,3,498,0.422105610370636,-0.7165625095367432,-0.1799284666776657,0.5723659992218018,-1.2463722229003906,-0.4999180734157562,0.4000372588634491
41,73,4,499,-0.2271794080734253,-0.7094551920890808,-0.17083857953548431,0.5839987397193909,-1.0589678287506104,-0.36339902877807617,0.5256927013397217
41,73,5,500,-0.05233930051326752,-0.6967223882675171,-0.15267126262187958,0.6039624810218811,-1.1096466779708862,-0.41045647859573364,0.5133587718009949
41,74,1,496,1.2077797651290894,1.0918406248092651,1.612229347229004,2.351794958114624,0.3920944929122925,1.1699798107147217,2.1426758766174316
41,74,2,497,1.6562209129333496,1.0468201637268066,1.5627923011779785,2.3074631690979004,0.3537719249725342,1.0878360271453857,2.0549476146698
41,74,3,498,1.241661548614502,0.9985830783843994,1.5131025314331055,2.2614221572875977,0.230118989944458,0.9985635280609131,1.9680109024047852
41,74,4,499,1.7958366870880127,0.9590669870376587,1.4754197597503662,2.2267093658447266,0.3456466794013977,1.1107832193374634,2.086942195892334
41,74,5,500,1.458777666091919,0.9416053295135498,1.4632182121276855,2.2168846130371094,0.3672242760658264,1.1138534545898438,2.0936837196350098
41,75,1,496,1.1122057437896729,-0.1888704001903534,0.27667465806007385,0.9965753555297852,-0.3047879934310913,0.473020076751709,1.1335316896438599
41,75,2,497,1.0006338357925415,-0.23428910970687866,0.2275475263595581,0.9526727795600891,-0.3054794669151306,0.4998769164085388,1.2361788749694824
41,75,3,498,1.3584206104278564,-0.2332240343093872,0.22791719436645508,0.956596851348877,-0.022316396236419678,0.7278620004653931,1.3195381164550781
41,75,4,499,0.41798460483551025,-0.19860970973968506,0.2652236819267273,0.9961107969284058,0.17251884937286377,0.9005069136619568,1.3306132555007935
41,75,5,500,0.41645070910453796,-0.1452837586402893,0.32458293437957764,1.0563414096832275,0.1531529426574707,0.9163699746131897,1.4782822132110596
41,76,1,496,0.568196713924408,-0.21221250295639038,0.26264578104019165,0.9602991938591003,-0.09183508157730103,0.818622887134552,1.6795904636383057
41,76,2,497,0.5456148386001587,-0.35866308212280273,0.11245056986808777,0.8156752586364746,0.043065011501312256,0.931402862071991,1.8004519939422607
41,76,3,498,0.1757006049156189,-0.4708917737007141,-0.0003659874200820923,0.7066305875778198,0.19437164068222046,1.0944725275039673,1.9386547803878784
41,76,4,499,-0.010356403887271881,-0.4829237163066864,-0.00960945338010788,0.6998563408851624,0.3053985834121704,1.1963876485824585,2.082911968231201
41,76,5,500,0.38234370946884155,-0.40957415103912354,0.06969564408063889,0.7803481817245483,0.15536707639694214,1.1005122661590576,1.9334380626678467
41,77,1,496,-0.38590627908706665,-1.4200549125671387,-0.924366295337677,-0.2439846396446228,-0.7054774761199951,0.11400952935218811,1.0886279344558716
41,77,2,497,-0.2606891393661499,-1.559363842010498,-1.0674278736114502,-0.3832678198814392,-0.8395304679870605,-0.07037927210330963,0.8728704452514648
41,77,3,498,-0.30912238359451294,-1.6589932441711426,-1.167771816253662,-0.4809698462486267,-1.0602266788482666,-0.24795623123645782,0.7329444885253906
41,77,4,499,-0.1970553994178772,-1.7026128768920898,-1.2085185050964355,-0.5197407603263855,-1.2268648147583008,-0.2900487184524536,0.6521985530853271
41,77,5,500,0.39194270968437195,-1.6953495740890503,-1.1948108673095703,-0.5045710206031799,-1.3915929794311523,-0.4744587242603302,0.4503961503505707
41,78,1,496,0.2014627307653427,-0.03049623966217041,0.534213125705719,1.2415285110473633,-0.2302449345588684,0.7095009684562683,1.5789568424224854
41,78,2,497,0.34368085861206055,-0.04578197002410889,0.5142928957939148,1.2260241508483887,-0.2338266372680664,0.6575844287872314,1.661242127418518
41,78,3,498,0.30076462030410767,-0.06882131099700928,0.48995107412338257,1.20448899269104,-0.2422965168952942,0.634544849395752,1.5584454536437988
41,78,4,499,-0.40954238176345825,-0.11923623085021973,0.44237321615219116,1.1585026979446411,-0.4541228413581848,0.539395272731781,1.5117219686508179
41,78,5,500,-0.0811913013458252,-0.11143150925636292,0.45673778653144836,1.1732878684997559,-0.45529401302337646,0.5245066285133362,1.4648253917694092
41,79,1,496,-0.5461152791976929,-1.0108633041381836,-0.4739435911178589,0.17883753776550293,-1.2685306072235107,-0.4565945565700531,0.2784130871295929
41,79,2,497,-0.43063414096832275,-1.0363202095031738,-0.5039178133010864,0.15484774112701416,-1.3016191720962524,-0.5747107863426208,0.22694915533065796
41,79,3,498,-0.8033344149589539,-1.1367652416229248,-0.6055974960327148,0.057438671588897705,-1.336684226989746,-0.5414983630180359,0.17838889360427856
41,79,4,499,-1.705094337463379,-1.24843168258667,-0.7146954536437988,-0.04930955171585083,-1.441575288772583,-0.607926607131958,0.01599663496017456
41,79,5,500,-0.19114530086517334,-1.3656995296478271,-0.8257324695587158,-0.15987372398376465,-1.595583200454712,-0.8035343885421753,-0.09470576047897339
41,80,1,496,-2.3645071983337402,-2.3042097091674805,-1.7583317756652832,-1.0961737632751465,-2.476424217224121,-1.569564938545227,-0.512586236000061
41,80,2,497,-2.7112462520599365,-2.35622501373291,-1.813450574874878,-1.1487483978271484,-2.4129891395568848,-1.4460238218307495,-0.4406168460845947
41,80,3,498,-2.4770894050598145,-2.4059886932373047,-1.8638131618499756,-1.1965453624725342,-2.366953134536743,-1.4054152965545654,-0.4464164972305298
41,80,4,499,-2.545055389404297,-2.4475951194763184,-1.9028441905975342,-1.2332370281219482,-2.3008880615234375,-1.356849193572998,-0.38508135080337524
41,80,5,500,-2.253962278366089,-2.466978073120117,-1.9165847301483154,-1.2453012466430664,-2.276965379714966,-1.3936773538589478,-0.3402949571609497
41,81,1,496,-1.5406842231750488,-2.358654737472534,-1.7981188297271729,-1.1060776710510254,-2.93232798576355,-1.952631950378418,-1.125373125076294
41,81,2,497,-1.8612651824951172,-2.310643434524536,-1.7526559829711914,-1.058215618133545,-2.9305224418640137,-1.9302104711532593,-1.0571904182434082
41,81,3,498,-1.4628933668136597,-2.2757441997528076,-1.717834711074829,-1.0207507610321045,-2.904609203338623,-1.9564530849456787,-1.0205509662628174
41,81,4,499,-1.797358512878418,-2.262014389038086,-1.7014293670654297,-1.0020480155944824,-2.8308160305023193,-1.8498095273971558,-1.0378332138061523
41,81,5,500,-2.2498912811279297,-2.254061698913574,-1.6883742809295654,-0.9871870279312134,-2.757902145385742,-1.8159010410308838,-0.8665157556533813
41,82,1,496,-0.20811526477336884,-0.638972818851471,-0.12767624855041504,0.6176895499229431,-1.0146528482437134,-0.1532738208770752,0.7212414145469666
41,82,2,497,-0.6631301641464233,-0.5918064713478088,-0.08444972336292267,0.6637202501296997,-0.9311490654945374,-0.11714915931224823,0.7499858736991882
41,82,3,498,0.17451760172843933,-0.5551498532295227,-0.048770174384117126,0.7012532353401184,-0.7661473751068115,-0.040800850838422775,0.9142770171165466
41,82,4,499,-0.5294983983039856,-0.5231795310974121,-0.014389008283615112,0.7368160486221313,-0.5979052782058716,0.09427139163017273,1.0362576246261597
41,82,5,500,0.06872369349002838,-0.5035272836685181,0.011058524250984192,0.762941837310791,-0.5395784378051758,0.1283281147480011,1.074317455291748
41,83,1,496,0.08627372980117798,-1.3350334167480469,-0.7679374814033508,-0.02136683464050293,-1.4538946151733398,-0.5451040863990784,0.5246737599372864
41,83,2,497,-0.3668941855430603,-1.3185306787490845,-0.7554728984832764,-0.005829989910125732,-1.4049673080444336,-0.5828447341918945,0.37978416681289673
41,83,3,498,-0.3246253728866577,-1.3495397567749023,-0.7872470021247864,-0.034855544567108154,-1.3544052839279175,-0.576842725276947,0.4275135397911072
41,83,4,499,-0.9933163523674011,-1.3534668684005737,-0.7885563373565674,-0.03454357385635376,-1.4354995489120483,-0.5318694710731506,0.44637537002563477
41,83,5,500,-0.7626763582229614,-1.3621017932891846,-0.790896475315094,-0.03612518310546875,-1.5241307020187378,-0.8363617658615112,0.24172770977020264
41,84,1,496,-1.039109230041504,-1.4895292520523071,-0.8936808705329895,-0.17306733131408691,-1.6020727157592773,-0.7797136306762695,-0.06906169652938843
41,84,2,497,-1.210815191268921,-1.4866721630096436,-0.8939635157585144,-0.16854137182235718,-1.6120333671569824,-0.7623119354248047,-0.0690658688545227
41,84,3,498,-0.7046223878860474,-1.4866950511932373,-0.8943246006965637,-0.1655508279800415,-1.5849583148956299,-0.8154909610748291,-0.1779118776321411
41,84,4,499,-0.9630463719367981,-1.4992625713348389,-0.904215395450592,-0.17334365844726562,-1.6941667795181274,-0.8601469993591309,-0.2549418807029724
41,84,5,500,-0.560454249382019,-1.500626802444458,-0.8999179601669312,-0.16840732097625732,-1.7277402877807617,-0.872119665145874,-0.264981746673584
41,85,1,496,-0.19216327369213104,-1.2532970905303955,-0.6872050166130066,0.051455140113830566,-0.6342697739601135,0.06454665958881378,0.9553804993629456
41,85,2,497,-0.1286301612854004,-1.2604143619537354,-0.6981134414672852,0.043238043785095215,-0.4976423382759094,0.1469138115644455,0.9464873671531677
41,85,3,498,0.1615425944328308,-1.2779262065887451,-0.7168925404548645,0.026808559894561768,-0.6119064092636108,0.010497618466615677,0.8716915845870972
41,85,4,499,0.41077759861946106,-1.2927669286727905,-0.7298313975334167,0.01573789119720459,-0.6190623641014099,-0.004448670893907547,0.8200220465660095
41,85,5,500,0.5543386936187744,-1.304817795753479,-0.7367556095123291,0.009920775890350342,-0.896411657333374,-0.10200189054012299,0.7114541530609131
41,86,1,496,-0.9773922562599182,-2.073423385620117,-1.6009619235992432,-0.9251965880393982,-1.4045984745025635,-0.6351893544197083,0.1166696548461914
41,86,2,497,-0.8879011273384094,-2.2065539360046387,-1.737755298614502,-1.0566260814666748,-1.3787117004394531,-0.5938916802406311,0.21311044692993164
41,86,3,498,-0.9942224025726318,-2.3044698238372803,-1.8363227844238281,-1.1516258716583252,-1.3354251384735107,-0.5754170417785645,0.253804087638855
41,86,4,499,-1.671905517578125,-2.3756654262542725,-1.9047930240631104,-1.2177436351776123,-1.4420305490493774,-0.6252264976501465,0.2590702772140503
41,86,5,500,-1.4700373411178589,-2.4019405841827393,-1.9251792430877686,-1.2370529174804688,-1.6077253818511963,-0.5407376885414124,0.28651952743530273
41,87,1,496,2.0622806549072266,0.264279305934906,0.7820272445678711,1.4530327320098877,1.2426660060882568,2.1182031631469727,2.69758677482605
41,87,2,497,1.898789882659912,-0.23137351870536804,0.2832218110561371,0.9582875967025757,1.2139909267425537,2.0972976684570312,2.705721378326416
41,87,3,498,2.2536017894744873,-0.6690052151679993,-0.15462833642959595,0.5239171385765076,1.1898757219314575,2.0031707286834717,2.6239676475524902
41,87,4,499,2.4494056701660156,-0.8509899377822876,-0.33354783058166504,0.34728968143463135,1.0943493843078613,1.855633020401001,2.5219504833221436
41,87,5,500,2.7932496070861816,-0.9032284021377563,-0.3795677423477173,0.30267971754074097,1.0884008407592773,1.8873748779296875,2.396967649459839
41,88,1,496,0.3230557441711426,-1.153454303741455,-0.5842834115028381,0.08254808187484741,-0.5059904456138611,0.338887095451355,1.2280261516571045
41,88,2,497,-0.10624516010284424,-1.2440106868743896,-0.6787400245666504,-0.005917608737945557,-0.5785358548164368,0.26956719160079956,1.1594481468200684
41,88,3,498,-0.22464941442012787,-1.3030366897583008,-0.7382007241249084,-0.06092190742492676,-0.6924796104431152,0.05225362256169319,0.943161129951477
41,88,4,499,-0.9989413619041443,-1.3457841873168945,-0.7775776982307434,-0.09759503602981567,-0.7157289981842041,0.02678127959370613,0.9666752815246582
41,88,5,500,-0.8507843017578125,-1.368060827255249,-0.7929785847663879,-0.1120958924293518,-0.7424930930137634,0.048843864351511,1.0264229774475098
41,89,1,496,0.667191743850708,-0.32926636934280396,0.1836187243461609,0.8507572412490845,0.02501767873764038,0.9715993404388428,1.7442737817764282
41,89,2,497,0.5702598690986633,-0.38287779688835144,0.12458136677742004,0.797209620475769,-0.23823636770248413,0.7758540511131287,1.4614126682281494
41,89,3,498,0.2069265991449356,-0.39417505264282227,0.11133943498134613,0.78815096616745,-0.22568577527999878,0.6913315653800964,1.4441248178482056
41,89,4,499,-0.03550440073013306,-0.4205242395401001,0.0870313048362732,0.7663874626159668,-0.4550073742866516,0.4292525053024292,1.2080879211425781
41,89,5,500,0.9491087198257446,-0.4352661371231079,0.07789403200149536,0.7578962445259094,-0.6230137944221497,0.2951697111129761,1.1688005924224854
41,90,1,496,0.7918997406959534,-0.6011666059494019,-0.08564470708370209,0.6104704141616821,-1.051336407661438,-0.23309718072414398,0.743990957736969
41,90,2,497,-0.19914816319942474,-0.6153712868690491,-0.10407984256744385,0.5945613980293274,-1.0055989027023315,-0.1788017600774765,0.7882529497146606
41,90,3,498,0.2553545832633972,-0.6759441494941711,-0.16563701629638672,0.5356992483139038,-0.9753276109695435,-0.1440582573413849,0.868131160736084
41,90,4,499,-0.08982940018177032,-0.7346785664558411,-0.22167904675006866,0.4822155833244324,-0.8896560072898865,-0.048031289130449295,1.021610140800476
41,90,5,500,-0.3138422966003418,-0.7044217586517334,-0.18550899624824524,0.5204519033432007,-0.8438109159469604,0.027870450168848038,1.0996180772781372
41,91,1,496,0.6767436861991882,-0.0031235814094543457,0.5199840664863586,1.2307312488555908,-0.35518795251846313,0.5072301626205444,1.436976671218872
41,91,2,497,0.2041008472442627,-0.008088231086730957,0.5109518766403198,1.2244757413864136,-0.23419535160064697,0.5422119498252869,1.4719101190567017
41,91,3,498,0.49093061685562134,-0.04984438419342041,0.46853721141815186,1.1851444244384766,-0.1786113977432251,0.5890905857086182,1.6170333623886108
41,91,4,499,0.6557546257972717,-0.09441149234771729,0.4269343614578247,1.1466467380523682,-0.07403147220611572,0.5699055790901184,1.6028928756713867
41,91,5,500,0.6968357563018799,-0.15379542112350464,0.3739556670188904,1.0962821245193481,0.03480619192123413,0.7425559759140015,1.7658473253250122
41,92,1,496,1.1772347688674927,0.5523971319198608,1.059427261352539,1.7717490196228027,-0.12696361541748047,1.0057238340377808,1.8531081676483154
41,92,2,497,0.11524683982133865,0.520857036113739,1.0249426364898682,1.740358829498291,-0.14644193649291992,1.0609936714172363,1.8219218254089355
41,92,3,498,1.5637426376342773,0.46468889713287354,0.9684851765632629,1.6867327690124512,0.029804706573486328,1.213444709777832,1.9603328704833984
41,92,4,499,0.7314655780792236,0.43689078092575073,0.9436399340629578,1.6643640995025635,0.22614562511444092,1.3189328908920288,2.0495758056640625
41,92,5,500,0.9891196489334106,0.4352238178253174,0.9482665657997131,1.67094087600708,0.31917500495910645,1.382261037826538,2.192948341369629
41,93,1,496,0.3213907480239868,-0.8028296232223511,-0.24243883788585663,0.41328316926956177,-0.959689736366272,-0.3469914495944977,0.2695612609386444
41,93,2,497,-0.519361138343811,-0.8440221548080444,-0.2875765562057495,0.3736345171928406,-0.8459094166755676,-0.19999808073043823,0.442288339138031
41,93,3,498,-0.06012339890003204,-0.8806127905845642,-0.3249244689941406,0.3404540419578552,-0.7932189702987671,-0.1771971881389618,0.4821886122226715
41,93,4,499,0.5665085911750793,-0.8758870959281921,-0.3175373673439026,0.3504778742790222,-0.7254921197891235,-0.1624700278043747,0.5470663905143738
41,93,5,500,0.9728386402130127,-0.7972080111503601,-0.23260480165481567,0.43642693758010864,-0.6861738562583923,-0.16450725495815277,0.5758346319198608
41,94,1,496,-1.4052332639694214,-2.292689800262451,-1.7065355777740479,-1.0067400932312012,-2.2805635929107666,-1.404262900352478,-0.6641833782196045
41,94,2,497,-1.4676971435546875,-2.338010311126709,-1.7559125423431396,-1.0519671440124512,-2.2760229110717773,-1.3713159561157227,-0.6396111845970154
41,94,3,498,-0.7875193953514099,-2.3700942993164062,-1.7892241477966309,-1.082435131072998,-2.4283955097198486,-1.546243667602539,-0.8444852232933044
41,94,4,499,-0.7833433747291565,-2.3928346633911133,-1.809941053390503,-1.1013331413269043,-2.6096065044403076,-1.766546368598938,-1.002894639968872
41,94,5,500,0.09273869544267654,-2.396151304244995,-1.808039903640747,-1.0986722707748413,-2.8196115493774414,-2.133352279663086,-1.361544132232666
41,95,1,496,-0.009786270558834076,-0.7356877326965332,-0.1378895342350006,0.5519816875457764,0.17778635025024414,0.9206937551498413,1.8637375831604004
41,95,2,497,-0.34045517444610596,-0.7430930137634277,-0.14852645993232727,0.5433125495910645,0.28780603408813477,0.9685810208320618,1.9006974697113037
41,95,3,498,0.08893760293722153,-0.755715012550354,-0.16145271062850952,0.5318254232406616,0.040338754653930664,0.8904616236686707,1.7446279525756836
41,95,4,499,-0.4697633981704712,-0.742000162601471,-0.1446802169084549,0.5493002533912659,-0.1174318790435791,0.9607079029083252,1.740627408027649
41,95,5,500,0.017091698944568634,-0.6392042636871338,-0.034896887838840485,0.6592239737510681,-0.49039244651794434,0.8199001550674438,1.6343283653259277
41,96,1,496,0.21528972685337067,-0.8678895831108093,-0.3020535111427307,0.3652111291885376,-0.3015441298484802,0.7823459506034851,1.486940622329712
41,96,2,497,0.558215856552124,-0.9629552960395813,-0.40038949251174927,0.2692275643348694,-0.21609538793563843,0.660847008228302,1.4873619079589844
41,96,3,498,1.0669406652450562,-1.0417345762252808,-0.47923779487609863,0.19246697425842285,-0.2228245735168457,0.6235285997390747,1.4695788621902466
41,96,4,499,0.5008766055107117,-1.0596060752868652,-0.49364280700683594,0.1791905164718628,-0.18547064065933228,0.7242015600204468,1.637746810913086
41,96,5,500,1.1364716291427612,-1.0494070053100586,-0.47655314207077026,0.19677871465682983,-0.319546103477478,0.67930006980896,1.546303629875183
41,97,1,496,-0.2064562737941742,-1.5220404863357544,-0.9739874005317688,-0.308573842048645,-1.343925952911377,-0.500287652015686,0.2606567144393921
41,97,2,497,0.09700983762741089,-1.6739088296890259,-1.1288738250732422,-0.45889371633529663,-1.326418161392212,-0.4079744517803192,0.26051345467567444
41,97,3,498,0.09741359949111938,-1.7802836894989014,-1.2352056503295898,-0.5614779591560364,-1.2115708589553833,-0.2628166973590851,0.4177236258983612
41,97,4,499,-0.11478140950202942,-1.8419800996780396,-1.2934772968292236,-0.6167891621589661,-1.2426432371139526,-0.29921063780784607,0.4472908079624176
41,97,5,500,-0.23468729853630066,-1.8870720863342285,-1.3318474292755127,-0.6530833840370178,-1.312498688697815,-0.32352569699287415,0.5520336627960205
41,98,1,496,-0.8278642892837524,-1.8047502040863037,-1.2794649600982666,-0.6067330837249756,-0.8822391033172607,-0.07794391363859177,0.547847330570221
41,98,2,497,-0.2648751735687256,-1.963752031326294,-1.442779779434204,-0.7651281356811523,-0.8866802453994751,-0.15164874494075775,0.46127158403396606
41,98,3,498,-0.048809394240379333,-2.1029915809631348,-1.5831239223480225,-0.9015439748764038,-1.0194348096847534,-0.3361511826515198,0.38889235258102417
41,98,4,499,-0.6186463832855225,-2.2165145874023438,-1.6940555572509766,-1.0093600749969482,-1.0921880006790161,-0.4119120240211487,0.4688962697982788
41,98,5,500,-0.49482032656669617,-2.2659711837768555,-1.736997127532959,-1.050157070159912,-1.3006188869476318,-0.6276484131813049,0.3197021484375
41,99,1,496,0.8776637315750122,0.05485919117927551,0.5285388827323914,1.2172298431396484,-0.0938793420791626,0.5208766460418701,1.5746713876724243
41,99,2,497,1.51007080078125,-0.001460641622543335,0.4674721956253052,1.1583588123321533,-0.11369866132736206,0.6221267580986023,1.618509292602539
41,99,3,498,0.7108045816421509,-0.07467332482337952,0.39287570118904114,1.085741400718689,-0.09321355819702148,0.6163554191589355,1.6281402111053467
41,99,4,499,0.30321159958839417,-0.15959355235099792,0.3100799322128296,1.0042457580566406,-0.16092586517333984,0.644721508026123,1.6618598699569702
41,99,5,500,0.8340237140655518,-0.19736894965171814,0.2780207693576813,0.9734742641448975,-0.18331044912338257,0.5722296237945557,1.5941383838653564
