input_chunk_length,output_chunk_length,kernel_size,n_epochs,use_covariates,use_revin,Split,RMSE,MSE,MAE,R2
48,12,13,50,False,False,VAL,2.3052487481997814,5.31417179107666,1.6926641464233398,0.8832139372825623
48,12,13,50,False,False,TEST,1.8162329150116334,3.2987020015716553,1.3321638107299805,0.9144289493560791
48,12,13,50,False,True,VAL,2.253465420935238,5.07810640335083,1.6747183799743652,0.8504431843757629
48,12,13,50,False,True,TEST,1.9031236996199952,3.621879816055298,1.3784104585647583,0.9251598119735718
48,12,13,50,True,False,VAL,3.51763885462568,12.373783111572266,2.53041934967041,0.7519275546073914
48,12,13,50,True,False,TEST,2.108608078174735,4.44622802734375,1.608211636543274,0.8920982480049133
48,12,13,50,True,True,VAL,2.92531379255493,8.55746078491211,2.262566328048706,0.7777717709541321
48,12,13,50,True,True,TEST,1.9147069352204718,3.666102647781372,1.4073891639709473,0.9238569736480713
48,12,13,100,False,False,VAL,2.5434443297190774,6.469109058380127,1.8769842386245728,0.8369857668876648
48,12,13,100,False,False,TEST,2.018864829751032,4.075815200805664,1.4866509437561035,0.9062489867210388
48,12,13,100,False,True,VAL,2.3163239076848687,5.3653564453125,1.7365233898162842,0.8380262851715088
48,12,13,100,False,True,TEST,1.9529763126997493,3.8141164779663086,1.4514073133468628,0.9101496338844299
48,12,13,100,True,False,VAL,3.1300843648540075,9.797428131103516,2.2240946292877197,0.7956562638282776
48,12,13,100,True,False,TEST,2.2107433867415467,4.887386322021484,1.6179966926574707,0.8892383575439453
48,12,13,100,True,True,VAL,2.6617396455464664,7.084857940673828,2.0215704441070557,0.8038000464439392
48,12,13,100,True,True,TEST,2.040929881945977,4.1653947830200195,1.4906431436538696,0.9104554653167725
48,12,13,200,False,False,VAL,2.5502709525273843,6.503881931304932,1.8775471448898315,0.8394148945808411
48,12,13,200,False,False,TEST,2.6422783906486775,6.981635093688965,1.9046305418014526,0.8631910681724548
48,12,13,200,False,True,VAL,2.3670135534854957,5.602753162384033,1.7314060926437378,0.8463011384010315
48,12,13,200,False,True,TEST,2.2685101258806726,5.1461381912231445,1.640956163406372,0.8820631504058838
48,12,13,200,True,False,VAL,3.2726834323143037,10.710456848144531,2.311901569366455,0.7702440023422241
48,12,13,200,True,False,TEST,2.211550570298539,4.890955924987793,1.6275830268859863,0.8918856978416443
48,12,13,200,True,True,VAL,2.5400542684449694,6.451875686645508,1.8903346061706543,0.8282148838043213
48,12,13,200,True,True,TEST,2.03555311554527,4.143476486206055,1.4969704151153564,0.9135238528251648
48,12,25,50,False,False,VAL,2.3021132753476183,5.299725532531738,1.7013932466506958,0.8786591291427612
48,12,25,50,False,False,TEST,1.9004784433396325,3.611818313598633,1.3760080337524414,0.9164490699768066
48,12,25,50,False,True,VAL,2.2917294117978706,5.252023696899414,1.7192054986953735,0.842985212802887
48,12,25,50,False,True,TEST,1.8762278668993442,3.520231008529663,1.3685868978500366,0.9250757098197937
48,12,25,50,True,False,VAL,2.8924896000021514,8.366496086120605,2.101689338684082,0.822538435459137
48,12,25,50,True,False,TEST,1.951692101334287,3.8091020584106445,1.4645490646362305,0.9102014899253845
48,12,25,50,True,True,VAL,2.8628324024152807,8.195809364318848,2.2130067348480225,0.790839433670044
48,12,25,50,True,True,TEST,1.9361425997731918,3.748648166656494,1.4203623533248901,0.9236556887626648
48,12,25,100,False,False,VAL,2.5383134411913004,6.443035125732422,1.885359764099121,0.838904619216919
48,12,25,100,False,False,TEST,2.031449762938592,4.126788139343262,1.4956581592559814,0.9107235074043274
48,12,25,100,False,True,VAL,2.4096425898644536,5.806377410888672,1.8206902742385864,0.8231944441795349
48,12,25,100,False,True,TEST,1.9845135858156746,3.9382941722869873,1.464269757270813,0.9171172380447388
48,12,25,100,True,False,VAL,2.937191723819394,8.627095222473145,2.098118543624878,0.810192346572876
48,12,25,100,True,False,TEST,2.110967529444703,4.456183910369873,1.5293591022491455,0.9022700786590576
48,12,25,100,True,True,VAL,2.4080473887384177,5.798692226409912,1.832707405090332,0.8254184722900391
48,12,25,100,True,True,TEST,2.0202276626558606,4.081319808959961,1.4844342470169067,0.9077671766281128
48,12,25,200,False,False,VAL,2.535749321969908,6.43002462387085,1.8704862594604492,0.8351446390151978
48,12,25,200,False,False,TEST,2.49725438984695,6.236279487609863,1.8237162828445435,0.8739047050476074
48,12,25,200,False,True,VAL,2.252718448863744,5.074740409851074,1.6655387878417969,0.8447617292404175
48,12,25,200,False,True,TEST,2.3349029393413807,5.4517717361450195,1.6810909509658813,0.8801361322402954
48,12,25,200,True,False,VAL,3.012206516769793,9.07338809967041,2.127885341644287,0.7963002920150757
48,12,25,200,True,False,TEST,2.1113977976550573,4.458000659942627,1.5644534826278687,0.8985893726348877
48,12,25,200,True,True,VAL,2.3471634485634914,5.509176254272461,1.7410688400268555,0.8447206020355225
48,12,25,200,True,True,TEST,2.0181723178527444,4.073019504547119,1.495856523513794,0.9112524390220642
48,12,37,50,False,False,VAL,2.23826463303714,5.009828567504883,1.648252248764038,0.8870899081230164
48,12,37,50,False,False,TEST,1.8321023044756375,3.3565988540649414,1.3271602392196655,0.919870913028717
48,12,37,50,False,True,VAL,2.384245894750225,5.684628486633301,1.7555738687515259,0.8501757979393005
48,12,37,50,False,True,TEST,1.8063719183618552,3.262979507446289,1.3250701427459717,0.9273958802223206
48,12,37,50,True,False,VAL,3.5625548776783393,12.691797256469727,2.5499682426452637,0.7433965802192688
48,12,37,50,True,False,TEST,2.050919940436803,4.206272602081299,1.5441986322402954,0.904126763343811
48,12,37,50,True,True,VAL,3.0190637776883746,9.11474609375,2.351069450378418,0.7678791284561157
48,12,37,50,True,True,TEST,1.9040381935680593,3.625361442565918,1.405310869216919,0.9222597479820251
48,12,37,100,False,False,VAL,2.5826237124329112,6.669945240020752,1.9129143953323364,0.8383126258850098
48,12,37,100,False,False,TEST,2.0107042439656957,4.04293155670166,1.487910509109497,0.907021164894104
48,12,37,100,False,True,VAL,2.5093893162377174,6.297034740447998,1.8930325508117676,0.8168923854827881
48,12,37,100,False,True,TEST,2.009494655718772,4.038068771362305,1.4780470132827759,0.9172047972679138
48,12,37,100,True,False,VAL,3.3100702263334654,10.956564903259277,2.390774726867676,0.7625123858451843
48,12,37,100,True,False,TEST,2.1320087189845,4.545461177825928,1.5512819290161133,0.9010215997695923
48,12,37,100,True,True,VAL,2.3998711988537313,5.7593817710876465,1.821336269378662,0.8202298879623413
48,12,37,100,True,True,TEST,2.0624213926189823,4.253582000732422,1.5214811563491821,0.904462456703186
48,12,37,200,False,False,VAL,2.5083688849615426,6.291914463043213,1.8501685857772827,0.8397905826568604
48,12,37,200,False,False,TEST,2.2738920720841307,5.1705851554870605,1.6746079921722412,0.8839661478996277
48,12,37,200,False,True,VAL,2.262393725517885,5.118425369262695,1.6720694303512573,0.8440130352973938
48,12,37,200,False,True,TEST,2.1835374091289186,4.76783561706543,1.5839489698410034,0.9027162194252014
48,12,37,200,True,False,VAL,3.2785027038181425,10.748579978942871,2.336252450942993,0.7566120624542236
48,12,37,200,True,False,TEST,2.150389848894331,4.624176502227783,1.5960984230041504,0.8905933499336243
48,12,37,200,True,True,VAL,2.3377815036276623,5.465222358703613,1.7237215042114258,0.8560405969619751
48,12,37,200,True,True,TEST,2.043292455756987,4.175044059753418,1.5211868286132812,0.8993235230445862
48,24,13,50,False,False,VAL,2.2575711976036894,5.096627712249756,1.6669939756393433,0.8822025060653687
48,24,13,50,False,False,TEST,2.1253477821736446,4.51710319519043,1.570652961730957,0.8756000995635986
48,24,13,50,False,True,VAL,2.181874152571012,4.760574817657471,1.6400610208511353,0.8484641909599304
48,24,13,50,False,True,TEST,1.7742832536616704,3.148081064224243,1.3058295249938965,0.929504930973053
48,24,13,50,True,False,VAL,3.6969675628089336,13.667569160461426,2.555070400238037,0.7432594895362854
48,24,13,50,True,False,TEST,1.9951519619996236,3.9806313514709473,1.4820120334625244,0.8908607363700867
48,24,13,50,True,True,VAL,2.1703536379206163,4.710434913635254,1.6119658946990967,0.860114336013794
48,24,13,50,True,True,TEST,1.7952950206997977,3.2230842113494873,1.3038742542266846,0.9277501702308655
48,24,13,100,False,False,VAL,2.3843903867292586,5.685317516326904,1.7727525234222412,0.8655968308448792
48,24,13,100,False,False,TEST,2.1742747928415986,4.727470874786377,1.6154018640518188,0.871330738067627
48,24,13,100,False,True,VAL,2.2269260042844596,4.95919942855835,1.65086030960083,0.850097119808197
48,24,13,100,False,True,TEST,2.0441146758546678,4.178404808044434,1.4879484176635742,0.9152557253837585
48,24,13,100,True,False,VAL,3.5973765775015054,12.941118240356445,2.512620449066162,0.7488989233970642
48,24,13,100,True,False,TEST,2.0627265574549813,4.254840850830078,1.5165024995803833,0.8845658302307129
48,24,13,100,True,True,VAL,2.1889064082409018,4.791311264038086,1.6408346891403198,0.8558012247085571
48,24,13,100,True,True,TEST,1.9202867473616787,3.6875011920928955,1.4104615449905396,0.9219629764556885
48,24,13,200,False,False,VAL,2.5337468771781175,6.419873237609863,1.8463656902313232,0.8485110402107239
48,24,13,200,False,False,TEST,2.390008984153812,5.7121429443359375,1.7799878120422363,0.8567650318145752
48,24,13,200,False,True,VAL,2.383743654511702,5.682233810424805,1.7655425071716309,0.8360037207603455
48,24,13,200,False,True,TEST,2.201519645019323,4.846688747406006,1.6037746667861938,0.901103138923645
48,24,13,200,True,False,VAL,3.480829325107358,12.116172790527344,2.475660800933838,0.7548689842224121
48,24,13,200,True,False,TEST,2.582572476310771,6.669680595397949,1.8853111267089844,0.841734766960144
48,24,13,200,True,True,VAL,2.301744554082519,5.298027992248535,1.7139378786087036,0.8464131355285645
48,24,13,200,True,True,TEST,2.2200384562830187,4.928570747375488,1.5986566543579102,0.9034290909767151
48,24,25,50,False,False,VAL,2.2627413584074536,5.119998455047607,1.6454097032546997,0.8786396980285645
48,24,25,50,False,False,TEST,2.2172027350796824,4.915987968444824,1.6219226121902466,0.8693398833274841
48,24,25,50,False,True,VAL,2.1232214946227987,4.5080695152282715,1.5945717096328735,0.8500652313232422
48,24,25,50,False,True,TEST,1.748972591170115,3.0589051246643066,1.2844020128250122,0.9325156211853027
48,24,25,50,True,False,VAL,3.4372405907978454,11.81462287902832,2.371978998184204,0.7701108455657959
48,24,25,50,True,False,TEST,2.013950213963829,4.055995464324951,1.510029911994934,0.8914579153060913
48,24,25,50,True,True,VAL,2.1593258798314947,4.662688255310059,1.626139521598816,0.8544510006904602
48,24,25,50,True,True,TEST,1.8088026152723893,3.2717669010162354,1.3178993463516235,0.925807774066925
48,24,25,100,False,False,VAL,2.3792263373147926,5.660717964172363,1.7500077486038208,0.8632766008377075
48,24,25,100,False,False,TEST,2.3209896448209255,5.386992931365967,1.6982296705245972,0.8517646789550781
48,24,25,100,False,True,VAL,2.126763453578133,4.523122787475586,1.5791136026382446,0.8627536296844482
48,24,25,100,False,True,TEST,1.9848676055072823,3.939699411392212,1.4424976110458374,0.9188366532325745
48,24,25,100,True,False,VAL,3.538987316823514,12.524431228637695,2.4593253135681152,0.7520037889480591
48,24,25,100,True,False,TEST,2.0984626228833982,4.403545379638672,1.553044080734253,0.882337749004364
48,24,25,100,True,True,VAL,2.113509470802676,4.466922283172607,1.5887008905410767,0.8650054335594177
48,24,25,100,True,True,TEST,1.9519804385604336,3.810227632522583,1.4361315965652466,0.9184512495994568
48,24,25,200,False,False,VAL,2.5527042074836133,6.516298770904541,1.856408953666687,0.8408938050270081
48,24,25,200,False,False,TEST,2.5327995172882103,6.415073394775391,1.8705508708953857,0.8367800116539001
48,24,25,200,False,True,VAL,2.3076000366348475,5.325017929077148,1.7107009887695312,0.8504538536071777
48,24,25,200,False,True,TEST,2.251894365323219,5.071028232574463,1.6372357606887817,0.8954062461853027
48,24,25,200,True,False,VAL,3.451064517775228,11.909846305847168,2.4371681213378906,0.754832923412323
48,24,25,200,True,False,TEST,2.501061404932937,6.255308151245117,1.8494757413864136,0.8362592458724976
48,24,25,200,True,True,VAL,2.260963748761061,5.11195707321167,1.6702139377593994,0.8594287037849426
48,24,25,200,True,True,TEST,2.050408029655008,4.2041730880737305,1.5088762044906616,0.9135720729827881
48,24,37,50,False,False,VAL,2.239115880634676,5.0136399269104,1.6201592683792114,0.8830723762512207
48,24,37,50,False,False,TEST,2.1080746633998775,4.443978786468506,1.5411227941513062,0.8909449577331543
48,24,37,50,False,True,VAL,2.1010746159111,4.414514541625977,1.5570412874221802,0.8579484820365906
48,24,37,50,False,True,TEST,1.7527481027553977,3.0721259117126465,1.2835328578948975,0.9337553381919861
48,24,37,50,True,False,VAL,3.663014862013734,13.417677879333496,2.522474765777588,0.7402223348617554
48,24,37,50,True,False,TEST,2.0426619173489398,4.1724677085876465,1.5237027406692505,0.899631679058075
48,24,37,50,True,True,VAL,2.1834902389095046,4.767629623413086,1.644258737564087,0.8504985570907593
48,24,37,50,True,True,TEST,1.8334492155500182,3.3615360260009766,1.3287979364395142,0.9269114136695862
48,24,37,100,False,False,VAL,2.426999976127885,5.890328884124756,1.7780871391296387,0.8624119758605957
48,24,37,100,False,False,TEST,2.264013414397112,5.125756740570068,1.6448965072631836,0.8693972826004028
48,24,37,100,False,True,VAL,2.2195815556326135,4.926542282104492,1.6381661891937256,0.8659932017326355
48,24,37,100,False,True,TEST,1.961564529901645,3.8477354049682617,1.4284001588821411,0.9191102385520935
48,24,37,100,True,False,VAL,3.5753977680999744,12.783469200134277,2.491919755935669,0.7434438467025757
48,24,37,100,True,False,TEST,2.034901432771369,4.140823841094971,1.5161110162734985,0.8947533369064331
48,24,37,100,True,True,VAL,2.123459987226577,4.509082317352295,1.592443823814392,0.8655345439910889
48,24,37,100,True,True,TEST,1.9292908542722162,3.722163200378418,1.4182811975479126,0.9195778369903564
48,24,37,200,False,False,VAL,2.589269698145148,6.704317569732666,1.8792909383773804,0.8451068997383118
48,24,37,200,False,False,TEST,2.522847298493532,6.364758491516113,1.8449193239212036,0.8477644920349121
48,24,37,200,False,True,VAL,2.2961649932659562,5.272373676300049,1.6757535934448242,0.8603058457374573
48,24,37,200,False,True,TEST,2.130795821405592,4.540290832519531,1.5657687187194824,0.9057028293609619
48,24,37,200,True,False,VAL,3.5863715015144484,12.862060546875,2.552905797958374,0.7318641543388367
48,24,37,200,True,False,TEST,2.5177557788608698,6.339094161987305,1.8456076383590698,0.8417025804519653
48,24,37,200,True,True,VAL,2.290909786657748,5.248267650604248,1.6860296726226807,0.8604704141616821
48,24,37,200,True,True,TEST,2.0241792122127666,4.097301483154297,1.4956074953079224,0.9118808507919312
60,12,13,50,False,False,VAL,2.3151238479607272,5.359798431396484,1.6999760866165161,0.8790647983551025
60,12,13,50,False,False,TEST,2.0212215824052207,4.085336685180664,1.5073548555374146,0.9059766530990601
60,12,13,50,False,True,VAL,2.2087058946645604,4.878381729125977,1.6475976705551147,0.8650676608085632
60,12,13,50,False,True,TEST,2.0251411718444863,4.101196765899658,1.5068511962890625,0.9086657762527466
60,12,13,50,True,False,VAL,2.835350795618826,8.039214134216309,2.023799180984497,0.8373386263847351
60,12,13,50,True,False,TEST,1.8108416896486237,3.2791476249694824,1.3486286401748657,0.9129323363304138
60,12,13,50,True,True,VAL,2.031121352596789,4.125453948974609,1.4796465635299683,0.8858163356781006
60,12,13,50,True,True,TEST,1.844224642419617,3.4011645317077637,1.3326051235198975,0.9226617217063904
60,12,13,100,False,False,VAL,2.4713014383321963,6.107330799102783,1.7779942750930786,0.8608165979385376
60,12,13,100,False,False,TEST,2.2243472138245246,4.947720527648926,1.6407992839813232,0.8883936405181885
60,12,13,100,False,True,VAL,2.2568775603988436,5.093496322631836,1.6346217393875122,0.8699904680252075
60,12,13,100,False,True,TEST,2.027419836714986,4.11043119430542,1.4649578332901,0.9146978855133057
60,12,13,100,True,False,VAL,2.9830595782395397,8.89864444732666,2.1021697521209717,0.8224713802337646
60,12,13,100,True,False,TEST,1.9661210688027178,3.8656320571899414,1.4418320655822754,0.9009182453155518
60,12,13,100,True,True,VAL,2.250258642801572,5.063663959503174,1.692306399345398,0.8538052439689636
60,12,13,100,True,True,TEST,1.934864589871895,3.7437009811401367,1.434993028640747,0.9012435078620911
60,12,13,200,False,False,VAL,2.522710547833063,6.364068508148193,1.8294727802276611,0.8533477187156677
60,12,13,200,False,False,TEST,2.3974544734828847,5.747787952423096,1.7517509460449219,0.8732239603996277
60,12,13,200,False,True,VAL,2.3893982974988863,5.709224224090576,1.7533502578735352,0.8472223877906799
60,12,13,200,False,True,TEST,2.269392892425022,5.150144100189209,1.646842360496521,0.8932503461837769
60,12,13,200,True,False,VAL,3.083795272315459,9.509793281555176,2.1706018447875977,0.8036379218101501
60,12,13,200,True,False,TEST,2.3945507652396034,5.73387336730957,1.750595211982727,0.8746103644371033
60,12,13,200,True,True,VAL,2.517427639721573,6.337441921234131,1.9217803478240967,0.8247188329696655
60,12,13,200,True,True,TEST,2.3137591259084447,5.353481292724609,1.677709698677063,0.8896360993385315
60,12,25,50,False,False,VAL,2.293312891750756,5.259284019470215,1.6903218030929565,0.874901294708252
60,12,25,50,False,False,TEST,2.0860512234551343,4.351609706878662,1.5394706726074219,0.9040560722351074
60,12,25,50,False,True,VAL,2.1654854513457793,4.689327239990234,1.6151553392410278,0.860736072063446
60,12,25,50,False,True,TEST,1.881266802335712,3.5391647815704346,1.401139497756958,0.9173014760017395
60,12,25,50,True,False,VAL,2.5387266905337635,6.445133209228516,1.8016396760940552,0.8670345544815063
60,12,25,50,True,False,TEST,1.845503022180324,3.405881404876709,1.3688503503799438,0.9151245951652527
60,12,25,50,True,True,VAL,2.0226023950107503,4.090920448303223,1.4765836000442505,0.8868914842605591
60,12,25,50,True,True,TEST,1.885664303641513,3.555729866027832,1.3618431091308594,0.9143728017807007
60,12,25,100,False,False,VAL,2.4256972146336193,5.884006977081299,1.7650243043899536,0.8626991510391235
60,12,25,100,False,False,TEST,2.3193140418374365,5.379217624664307,1.6894475221633911,0.8893675804138184
60,12,25,100,False,True,VAL,2.1502917247068534,4.623754501342773,1.5642492771148682,0.8745605945587158
60,12,25,100,False,True,TEST,1.956500135523623,3.827892780303955,1.4145214557647705,0.9117925763130188
60,12,25,100,True,False,VAL,2.864642518327985,8.2061767578125,2.00537109375,0.8374244570732117
60,12,25,100,True,False,TEST,2.01580301134513,4.063461780548096,1.4798167943954468,0.8985791802406311
60,12,25,100,True,True,VAL,2.1667626677543677,4.694860458374023,1.609900712966919,0.8603267073631287
60,12,25,100,True,True,TEST,1.942103914900532,3.7717676162719727,1.4310935735702515,0.9019679427146912
60,12,25,200,False,False,VAL,2.4915995606876904,6.208068370819092,1.8283177614212036,0.8511331081390381
60,12,25,200,False,False,TEST,2.5211986140478997,6.356442451477051,1.8136394023895264,0.8764716386795044
60,12,25,200,False,True,VAL,2.291108346609147,5.2491774559021,1.685652732849121,0.8588894605636597
60,12,25,200,False,True,TEST,2.3385787881625033,5.4689507484436035,1.696092128753662,0.8885236978530884
60,12,25,200,True,False,VAL,2.8704914732877667,8.239721298217773,2.008598566055298,0.8333743810653687
60,12,25,200,True,False,TEST,2.4555716978187916,6.029832363128662,1.7832568883895874,0.8799735903739929
60,12,25,200,True,True,VAL,2.4291052411940965,5.900552272796631,1.8373675346374512,0.8377475738525391
60,12,25,200,True,True,TEST,2.2636041507678173,5.123903751373291,1.6583256721496582,0.8963719010353088
60,12,37,50,False,False,VAL,2.28880282546812,5.23861837387085,1.69744873046875,0.8700641393661499
60,12,37,50,False,False,TEST,2.0782678311245073,4.319197177886963,1.5209643840789795,0.9081436991691589
60,12,37,50,False,True,VAL,2.170936985677491,4.712967395782471,1.6258317232131958,0.857353150844574
60,12,37,50,False,True,TEST,1.8984732918838594,3.604200839996338,1.4114781618118286,0.9158098697662354
60,12,37,50,True,False,VAL,2.753947892110916,7.584228992462158,1.9627848863601685,0.8431353569030762
60,12,37,50,True,False,TEST,1.8896587834826593,3.570810317993164,1.3852500915527344,0.9174659848213196
60,12,37,50,True,True,VAL,1.9808000216038815,3.9235687255859375,1.4502453804016113,0.890359103679657
60,12,37,50,True,True,TEST,1.862816966690931,3.4700870513916016,1.3464524745941162,0.9153393507003784
60,12,37,100,False,False,VAL,2.377576835505875,5.652871608734131,1.739820957183838,0.8603121042251587
60,12,37,100,False,False,TEST,2.2511353277456383,5.067610263824463,1.6348271369934082,0.8938064575195312
60,12,37,100,False,True,VAL,2.135934633533533,4.562216758728027,1.5480467081069946,0.8771926760673523
60,12,37,100,False,True,TEST,1.9653178983381596,3.8624744415283203,1.437782645225525,0.9079093337059021
60,12,37,100,True,False,VAL,3.0542811442974016,9.328633308410645,2.1497912406921387,0.8132787346839905
60,12,37,100,True,False,TEST,1.9995572076823493,3.9982290267944336,1.462427020072937,0.9052441120147705
60,12,37,100,True,True,VAL,2.1710162763578476,4.713311672210693,1.6225523948669434,0.8525436520576477
60,12,37,100,True,True,TEST,1.9469139523842036,3.7904739379882812,1.4479767084121704,0.8945413827896118
60,12,37,200,False,False,VAL,2.407865997254848,5.797818660736084,1.7810745239257812,0.8549413084983826
60,12,37,200,False,False,TEST,2.3249904345243837,5.405580520629883,1.6755023002624512,0.8880866765975952
60,12,37,200,False,True,VAL,2.2677455055041724,5.142669677734375,1.6662096977233887,0.860399067401886
60,12,37,200,False,True,TEST,2.2130220648574426,4.897466659545898,1.6045920848846436,0.8998615741729736
60,12,37,200,True,False,VAL,2.9700484799111377,8.821187973022461,2.105775833129883,0.8172601461410522
60,12,37,200,True,False,TEST,2.403536170339724,5.776986122131348,1.7488659620285034,0.8826072216033936
60,12,37,200,True,True,VAL,2.4686233874338943,6.094101428985596,1.876192569732666,0.8342560529708862
60,12,37,200,True,True,TEST,2.2162789567410095,4.911892414093018,1.6287713050842285,0.8950849771499634
60,24,13,50,False,False,VAL,2.3952165777281254,5.737062454223633,1.7129623889923096,0.8746139407157898
60,24,13,50,False,False,TEST,2.197587433031476,4.829390525817871,1.6338016986846924,0.8778716325759888
60,24,13,50,False,True,VAL,2.2533773929005334,5.077709674835205,1.6337671279907227,0.8665907979011536
60,24,13,50,False,True,TEST,1.91359515031452,3.661846399307251,1.4064240455627441,0.9202061295509338
60,24,13,50,True,False,VAL,3.6776244257993946,13.524921417236328,2.619107246398926,0.7455011606216431
60,24,13,50,True,False,TEST,2.0201995747243164,4.081206321716309,1.5051122903823853,0.8914325833320618
60,24,13,50,True,True,VAL,2.2046505671489034,4.8604841232299805,1.6449971199035645,0.8654889464378357
60,24,13,50,True,True,TEST,1.8632668548603726,3.4717633724212646,1.343356966972351,0.9242095947265625
60,24,13,100,False,False,VAL,2.437454712275851,5.941185474395752,1.7867417335510254,0.8664752840995789
60,24,13,100,False,False,TEST,2.2758576924731386,5.17952823638916,1.687626600265503,0.8639561533927917
60,24,13,100,False,True,VAL,2.3050460277934977,5.313237190246582,1.6988017559051514,0.8591055274009705
60,24,13,100,False,True,TEST,1.9935237815975007,3.9741370677948,1.4685169458389282,0.9058854579925537
60,24,13,100,True,False,VAL,3.036538613219459,9.220566749572754,2.142627477645874,0.8145942687988281
60,24,13,100,True,False,TEST,2.114518175546282,4.471187114715576,1.5548814535140991,0.8804321885108948
60,24,13,100,True,True,VAL,2.3822118783879644,5.674933433532715,1.8108258247375488,0.8462729454040527
60,24,13,100,True,True,TEST,1.9221931752391046,3.694826602935791,1.3813891410827637,0.9164007306098938
60,24,13,200,False,False,VAL,2.5602514124142743,6.554887294769287,1.8566808700561523,0.8532642126083374
60,24,13,200,False,False,TEST,2.4542586507435917,6.023385524749756,1.8230396509170532,0.8462762236595154
60,24,13,200,False,True,VAL,2.402640769399072,5.7726826667785645,1.7743242979049683,0.8464649319648743
60,24,13,200,False,True,TEST,2.1398963523435413,4.579156398773193,1.5630003213882446,0.8961114287376404
60,24,13,200,True,False,VAL,3.3013898119196075,10.899174690246582,2.356961250305176,0.7848390936851501
60,24,13,200,True,False,TEST,2.383754556508503,5.682285785675049,1.7518833875656128,0.855813205242157
60,24,13,200,True,True,VAL,2.314673150142842,5.3577117919921875,1.7270413637161255,0.8517725467681885
60,24,13,200,True,True,TEST,2.051105233895003,4.207032680511475,1.462083101272583,0.9077049493789673
60,24,25,50,False,False,VAL,2.3345859662059905,5.450291633605957,1.6713333129882812,0.8782565593719482
60,24,25,50,False,False,TEST,2.329748112729853,5.4277262687683105,1.7055491209030151,0.8684372901916504
60,24,25,50,False,True,VAL,2.1908482675876475,4.799816131591797,1.6045658588409424,0.866944432258606
60,24,25,50,False,True,TEST,1.8446190935518423,3.4026196002960205,1.3623265027999878,0.9224473834037781
60,24,25,50,True,False,VAL,3.375937720117524,11.396955490112305,2.3719887733459473,0.7768644094467163
60,24,25,50,True,False,TEST,2.1221741230935853,4.503623008728027,1.58012056350708,0.884046196937561
60,24,25,50,True,True,VAL,2.1904612524893534,4.798120498657227,1.6403509378433228,0.862532377243042
60,24,25,50,True,True,TEST,1.8401209790429645,3.386045217514038,1.3256090879440308,0.9241615533828735
60,24,25,100,False,False,VAL,2.3967609323666275,5.744462966918945,1.746358036994934,0.8681887984275818
60,24,25,100,False,False,TEST,2.605054464960642,6.786308765411377,1.8952935934066772,0.8385502696037292
60,24,25,100,False,True,VAL,2.2791057594803994,5.1943230628967285,1.6737456321716309,0.8616743683815002
60,24,25,100,False,True,TEST,1.9851073468102387,3.9406511783599854,1.4501969814300537,0.9084461331367493
60,24,25,100,True,False,VAL,2.894943722719812,8.380699157714844,2.020925760269165,0.8253129720687866
60,24,25,100,True,False,TEST,2.2530637650759666,5.076296329498291,1.652577519416809,0.8691815137863159
60,24,25,100,True,True,VAL,2.4056988369756667,5.787386894226074,1.8402975797653198,0.8417279720306396
60,24,25,100,True,True,TEST,1.8612492835848564,3.4642488956451416,1.3364722728729248,0.9208640456199646
60,24,25,200,False,False,VAL,2.534215532170631,6.422248363494873,1.8390322923660278,0.8511142730712891
60,24,25,200,False,False,TEST,2.8577117251423583,8.166516304016113,2.0697455406188965,0.8103370070457458
60,24,25,200,False,True,VAL,2.3541740034771137,5.542135238647461,1.7313159704208374,0.8492207527160645
60,24,25,200,False,True,TEST,2.1193211913639485,4.491522312164307,1.5376209020614624,0.896009087562561
60,24,25,200,True,False,VAL,3.1291560193594776,9.791617393493652,2.2091264724731445,0.8011630177497864
60,24,25,200,True,False,TEST,2.6538968602357715,7.043168544769287,1.9536672830581665,0.8271230459213257
60,24,25,200,True,True,VAL,2.2918705820624115,5.252670764923096,1.709478735923767,0.853630542755127
60,24,25,200,True,True,TEST,2.031092124085517,4.125335216522217,1.4328107833862305,0.9075445532798767
60,24,37,50,False,False,VAL,2.322790806757683,5.395357131958008,1.677893877029419,0.87575364112854
60,24,37,50,False,False,TEST,2.2132305210815755,4.8983893394470215,1.6341983079910278,0.8851388692855835
60,24,37,50,False,True,VAL,2.1481384069153675,4.614498615264893,1.5853326320648193,0.8661128878593445
60,24,37,50,False,True,TEST,1.8461321942575826,3.4082040786743164,1.360270380973816,0.9237728118896484
60,24,37,50,True,False,VAL,3.6172863676924383,13.084760665893555,2.5319457054138184,0.7440524101257324
60,24,37,50,True,False,TEST,2.1583967717493686,4.658676624298096,1.5957221984863281,0.8898822069168091
60,24,37,50,True,True,VAL,2.17787746079122,4.743150234222412,1.6309678554534912,0.8620107173919678
60,24,37,50,True,True,TEST,1.8618502770120937,3.4664864540100098,1.3353018760681152,0.925945520401001
60,24,37,100,False,False,VAL,2.412226006163098,5.81883430480957,1.7626588344573975,0.8628453016281128
60,24,37,100,False,False,TEST,2.4327409698221514,5.918228626251221,1.7823748588562012,0.8604016900062561
60,24,37,100,False,True,VAL,2.294550439522509,5.2649617195129395,1.699415683746338,0.8528773784637451
60,24,37,100,False,True,TEST,1.9574973033043614,3.8317956924438477,1.4296373128890991,0.9119035601615906
60,24,37,100,True,False,VAL,3.026102000875408,9.157293319702148,2.1301310062408447,0.8129785060882568
60,24,37,100,True,False,TEST,2.143931264971174,4.596441268920898,1.564194679260254,0.8884199261665344
60,24,37,100,True,True,VAL,2.4365388002083312,5.936721324920654,1.858371376991272,0.8403358459472656
60,24,37,100,True,True,TEST,1.8866785017502783,3.559555768966675,1.3615031242370605,0.9215046763420105
60,24,37,200,False,False,VAL,2.542691779691599,6.4652814865112305,1.8527653217315674,0.8451645374298096
60,24,37,200,False,False,TEST,2.6938484085411085,7.256819248199463,1.9509063959121704,0.831697940826416
60,24,37,200,False,True,VAL,2.3608531237507826,5.573627471923828,1.7416560649871826,0.8452557921409607
60,24,37,200,False,True,TEST,2.1010494244012574,4.4144086837768555,1.5181469917297363,0.9018735289573669
60,24,37,200,True,False,VAL,3.2721371491935245,10.706881523132324,2.326659917831421,0.7823026776313782
60,24,37,200,True,False,TEST,2.564510673115476,6.576714992523193,1.8696870803833008,0.8476715683937073
60,24,37,200,True,True,VAL,2.2897769997640998,5.243078708648682,1.7079657316207886,0.8513981103897095
60,24,37,200,True,True,TEST,2.022093455380156,4.08886194229126,1.429221510887146,0.9106826782226562
72,12,13,50,False,False,VAL,2.277646707107997,5.187674522399902,1.6873053312301636,0.8777985572814941
72,12,13,50,False,False,TEST,1.9386919108578935,3.75852632522583,1.4222383499145508,0.9052764773368835
72,12,13,50,False,True,VAL,2.186657334555895,4.78147029876709,1.612281084060669,0.8697251677513123
72,12,13,50,False,True,TEST,1.8817793041312754,3.541093349456787,1.3629584312438965,0.9220278263092041
72,12,13,50,True,False,VAL,2.2526422456966326,5.074397087097168,1.6077561378479004,0.8827114105224609
72,12,13,50,True,False,TEST,1.8898426044865921,3.571505069732666,1.4192821979522705,0.9062157273292542
72,12,13,50,True,True,VAL,2.045791106037524,4.185261249542236,1.5111812353134155,0.8805750012397766
72,12,13,50,True,True,TEST,1.7811194254884126,3.172386407852173,1.2751001119613647,0.9284451007843018
72,12,13,100,False,False,VAL,2.38672873936637,5.696474075317383,1.7624701261520386,0.869820237159729
72,12,13,100,False,False,TEST,2.3403789436768787,5.4773736000061035,1.7245100736618042,0.8783053755760193
72,12,13,100,False,True,VAL,2.2669358243267963,5.138998031616211,1.6919654607772827,0.8580172061920166
72,12,13,100,False,True,TEST,2.0878475745020872,4.359107494354248,1.5371489524841309,0.9004707932472229
72,12,13,100,True,False,VAL,2.3284494058798417,5.4216766357421875,1.6914557218551636,0.8801440596580505
72,12,13,100,True,False,TEST,1.9843546348187575,3.9376633167266846,1.4770268201828003,0.8973268270492554
72,12,13,100,True,True,VAL,2.6310772256917336,6.922567367553711,2.018430233001709,0.8183749914169312
72,12,13,100,True,True,TEST,1.8811163008822895,3.5385985374450684,1.3811532258987427,0.9128754138946533
72,12,13,200,False,False,VAL,2.51788550750308,6.339747428894043,1.8567653894424438,0.8537799715995789
72,12,13,200,False,False,TEST,2.3695459482986676,5.614748001098633,1.7480404376983643,0.8682748675346375
72,12,13,200,False,True,VAL,2.3740011423649725,5.635881423950195,1.7534695863723755,0.854012131690979
72,12,13,200,False,True,TEST,2.175489642396301,4.732755184173584,1.5957821607589722,0.893614649772644
72,12,13,200,True,False,VAL,2.5844316506317417,6.679286956787109,1.8243664503097534,0.8552572131156921
72,12,13,200,True,False,TEST,2.2848627407325885,5.220597743988037,1.6934034824371338,0.872551679611206
72,12,13,200,True,True,VAL,2.290305467413402,5.245499134063721,1.7437307834625244,0.8416635394096375
72,12,13,200,True,True,TEST,2.254576479266249,5.083115100860596,1.653232455253601,0.8788794875144958
72,12,25,50,False,False,VAL,2.322002476187346,5.391695499420166,1.7075647115707397,0.8784881830215454
72,12,25,50,False,False,TEST,2.008762120208542,4.035125255584717,1.4580084085464478,0.9065145254135132
72,12,25,50,False,True,VAL,2.173162174954636,4.7226338386535645,1.5985788106918335,0.8723970651626587
72,12,25,50,False,True,TEST,1.928456149112308,3.7189431190490723,1.4039568901062012,0.9176340699195862
72,12,25,50,True,False,VAL,2.1718045230106306,4.716734886169434,1.5410919189453125,0.8910849690437317
72,12,25,50,True,False,TEST,1.9136229341209126,3.6619527339935303,1.422749638557434,0.9074303507804871
72,12,25,50,True,True,VAL,2.032532859058036,4.131189823150635,1.5030125379562378,0.875420331954956
72,12,25,50,True,True,TEST,1.7817772871218558,3.1747303009033203,1.2883366346359253,0.924235463142395
72,12,25,100,False,False,VAL,2.3645072846359936,5.59089469909668,1.7464208602905273,0.8740018606185913
72,12,25,100,False,False,TEST,2.5215967982114518,6.358450412750244,1.8208632469177246,0.8705207109451294
72,12,25,100,False,True,VAL,2.2159299524921376,4.910345554351807,1.6549725532531738,0.860807478427887
72,12,25,100,False,True,TEST,2.0897990284350425,4.367259979248047,1.5314509868621826,0.8990942239761353
72,12,25,100,True,False,VAL,2.3107891455560643,5.339746475219727,1.6559808254241943,0.8837229013442993
72,12,25,100,True,False,TEST,1.9935780178979816,3.974353313446045,1.476155400276184,0.9011541604995728
72,12,25,100,True,True,VAL,2.3715680070713354,5.624334812164307,1.8028111457824707,0.8414142727851868
72,12,25,100,True,True,TEST,1.8760966590673889,3.5197386741638184,1.3820207118988037,0.9114854335784912
72,12,25,200,False,False,VAL,2.5477757645514147,6.491161346435547,1.855726957321167,0.8552354574203491
72,12,25,200,False,False,TEST,2.5294694642793054,6.3982157707214355,1.8454163074493408,0.858467698097229
72,12,25,200,False,True,VAL,2.3685504275673948,5.6100311279296875,1.7450311183929443,0.8521713018417358
72,12,25,200,False,True,TEST,2.207859660277342,4.8746442794799805,1.6322636604309082,0.8836904764175415
72,12,25,200,True,False,VAL,2.425138379110956,5.881296157836914,1.703537940979004,0.8711978197097778
72,12,25,200,True,False,TEST,2.359026649476575,5.565006732940674,1.7191201448440552,0.8730746507644653
72,12,25,200,True,True,VAL,2.2832634806099814,5.213292121887207,1.7342747449874878,0.8474414944648743
72,12,25,200,True,True,TEST,2.235946422801684,4.999456405639648,1.6222378015518188,0.8889084458351135
72,12,37,50,False,False,VAL,2.1776945238786487,4.742353439331055,1.6218576431274414,0.8855453729629517
72,12,37,50,False,False,TEST,1.9454854252567595,3.7849135398864746,1.4339054822921753,0.9083380103111267
72,12,37,50,False,True,VAL,2.116263325125962,4.478570461273193,1.5666894912719727,0.8722817897796631
72,12,37,50,False,True,TEST,1.9259585904376781,3.7093164920806885,1.4057344198226929,0.9185072183609009
72,12,37,50,True,False,VAL,2.155680152671954,4.646956920623779,1.5376626253128052,0.8887887597084045
72,12,37,50,True,False,TEST,1.9228719591073182,3.697436571121216,1.4180383682250977,0.9100308418273926
72,12,37,50,True,True,VAL,2.019522159637121,4.078469753265381,1.5010544061660767,0.8742616772651672
72,12,37,50,True,True,TEST,1.8075357395084115,3.2671854496002197,1.299638032913208,0.9253520369529724
72,12,37,100,False,False,VAL,2.218342810863003,4.921044826507568,1.6394425630569458,0.8841925859451294
72,12,37,100,False,False,TEST,2.4785349599386204,6.1431355476379395,1.8071846961975098,0.8703880310058594
72,12,37,100,False,True,VAL,2.175036537477376,4.730783939361572,1.6258633136749268,0.8609273433685303
72,12,37,100,False,True,TEST,2.043629643340648,4.176422119140625,1.5067635774612427,0.9062763452529907
72,12,37,100,True,False,VAL,2.227785544198256,4.963028430938721,1.5971264839172363,0.8848105669021606
72,12,37,100,True,False,TEST,2.0317290694823917,4.127923011779785,1.4911220073699951,0.902916669845581
72,12,37,100,True,True,VAL,2.504811615703579,6.274081230163574,1.9258540868759155,0.8273540735244751
72,12,37,100,True,True,TEST,1.824225088757891,3.3277971744537354,1.34270441532135,0.9192531108856201
72,12,37,200,False,False,VAL,2.455013447276033,6.027091026306152,1.7914546728134155,0.8602343201637268
72,12,37,200,False,False,TEST,2.5545924924396846,6.525942802429199,1.8672044277191162,0.857872724533081
72,12,37,200,False,True,VAL,2.361991896309384,5.579005718231201,1.7299706935882568,0.8583166599273682
72,12,37,200,False,True,TEST,2.242647236867252,5.02946662902832,1.6602455377578735,0.883653998374939
72,12,37,200,True,False,VAL,2.374514078323036,5.638317108154297,1.692674160003662,0.8709776401519775
72,12,37,200,True,False,TEST,2.3352328357153542,5.453312397003174,1.7050131559371948,0.8786369562149048
72,12,37,200,True,True,VAL,2.2751815765356564,5.176451206207275,1.7280495166778564,0.8463718891143799
72,12,37,200,True,True,TEST,2.2492430791304248,5.059094429016113,1.643243670463562,0.88506019115448
72,24,13,50,False,False,VAL,2.2753453589918053,5.177196502685547,1.6412676572799683,0.879652738571167
72,24,13,50,False,False,TEST,2.150822428937148,4.626037120819092,1.6282380819320679,0.8745706081390381
72,24,13,50,False,True,VAL,2.141084830465907,4.584244251251221,1.550969123840332,0.8832839131355286
72,24,13,50,False,True,TEST,1.985664789547411,3.9428646564483643,1.4780054092407227,0.901777982711792
72,24,13,50,True,False,VAL,2.484911494837696,6.174785137176514,1.768653154373169,0.8669862151145935
72,24,13,50,True,False,TEST,2.02115623280216,4.0850725173950195,1.5214526653289795,0.8823179602622986
72,24,13,50,True,True,VAL,2.117783691246331,4.4850077629089355,1.5588314533233643,0.8693674206733704
72,24,13,50,True,True,TEST,1.9267371476733315,3.7123160362243652,1.3811603784561157,0.9131851196289062
72,24,13,100,False,False,VAL,2.347260960767749,5.509634017944336,1.718374490737915,0.868897557258606
72,24,13,100,False,False,TEST,2.2851687699977536,5.221996307373047,1.7184826135635376,0.8587177395820618
72,24,13,100,False,True,VAL,2.241227426239727,5.02310037612915,1.6481645107269287,0.8643283247947693
72,24,13,100,False,True,TEST,2.033734254969519,4.136075019836426,1.4967012405395508,0.8997434377670288
72,24,13,100,True,False,VAL,2.447394121819841,5.9897379875183105,1.7247471809387207,0.8667433857917786
72,24,13,100,True,False,TEST,2.126338312915346,4.52131462097168,1.6028746366500854,0.8667973875999451
72,24,13,100,True,True,VAL,2.111694868702829,4.459255218505859,1.5408445596694946,0.8777231574058533
72,24,13,100,True,True,TEST,1.952562602134881,3.8125007152557373,1.4290052652359009,0.9062682390213013
72,24,13,200,False,False,VAL,2.4525412089611933,6.014958381652832,1.7923729419708252,0.8586531281471252
72,24,13,200,False,False,TEST,2.551110145664291,6.508162975311279,1.9272783994674683,0.8255465030670166
72,24,13,200,False,True,VAL,2.342649379433405,5.488006114959717,1.7157261371612549,0.8564795851707458
72,24,13,200,False,True,TEST,2.211342602608112,4.890036106109619,1.615262508392334,0.8792078495025635
72,24,13,200,True,False,VAL,2.5431533488645677,6.4676289558410645,1.794192910194397,0.856153666973114
72,24,13,200,True,False,TEST,2.3601134704531277,5.570135593414307,1.788720726966858,0.8417391777038574
72,24,13,200,True,True,VAL,2.335152586662556,5.452937602996826,1.7343746423721313,0.8469570875167847
72,24,13,200,True,True,TEST,2.1779684308779315,4.743546485900879,1.5761489868164062,0.8830214738845825
72,24,25,50,False,False,VAL,2.3100128201545904,5.3361592292785645,1.672592282295227,0.8761229515075684
72,24,25,50,False,False,TEST,2.196860531234304,4.826196193695068,1.647523045539856,0.8753991723060608
72,24,25,50,False,True,VAL,2.189604918146377,4.794369697570801,1.5786120891571045,0.8768263459205627
72,24,25,50,False,True,TEST,2.005995585154337,4.024018287658691,1.4986357688903809,0.8862962126731873
72,24,25,50,True,False,VAL,2.4053730543279688,5.7858195304870605,1.7013630867004395,0.8700894713401794
72,24,25,50,True,False,TEST,1.9909576209983602,3.96391224861145,1.4962927103042603,0.8876487612724304
72,24,25,50,True,True,VAL,2.119705335903925,4.49315071105957,1.5514792203903198,0.8700027465820312
72,24,25,50,True,True,TEST,1.8518552910808133,3.429368019104004,1.3496372699737549,0.9155441522598267
72,24,25,100,False,False,VAL,2.351390845031385,5.529038906097412,1.7154995203018188,0.8697469830513
72,24,25,100,False,False,TEST,2.4848789687588173,6.174623489379883,1.8590829372406006,0.8426239490509033
72,24,25,100,False,True,VAL,2.249520992577069,5.060344696044922,1.6484647989273071,0.8646766543388367
72,24,25,100,False,True,TEST,2.102295134516342,4.419644832611084,1.5666022300720215,0.8775310516357422
72,24,25,100,True,False,VAL,2.4679343892283954,6.090700149536133,1.7265499830245972,0.8635422587394714
72,24,25,100,True,False,TEST,2.1997557504489675,4.838925361633301,1.6445062160491943,0.8620224595069885
72,24,25,100,True,True,VAL,2.155261269151762,4.645151138305664,1.566516399383545,0.8735717535018921
72,24,25,100,True,True,TEST,1.9802209823287351,3.9212751388549805,1.4620548486709595,0.8909564018249512
72,24,25,200,False,False,VAL,2.4630634147419515,6.066681385040283,1.798609733581543,0.8592395782470703
72,24,25,200,False,False,TEST,2.851143584115618,8.129019737243652,2.1258115768432617,0.7958926558494568
72,24,25,200,False,True,VAL,2.389142542933364,5.708002090454102,1.7594577074050903,0.8500415682792664
72,24,25,200,False,True,TEST,2.2974103446461216,5.278094291687012,1.6966423988342285,0.857684314250946
72,24,25,200,True,False,VAL,2.4441037831723675,5.9736433029174805,1.7109073400497437,0.862626314163208
72,24,25,200,True,False,TEST,2.5727445001696294,6.619014263153076,1.9324558973312378,0.821025550365448
72,24,25,200,True,True,VAL,2.2989409620777868,5.285129547119141,1.6927317380905151,0.8551245927810669
72,24,25,200,True,True,TEST,2.2601738959057744,5.108386039733887,1.6555343866348267,0.8579628467559814
72,24,37,50,False,False,VAL,2.234661484071978,4.993711948394775,1.6241657733917236,0.8795351386070251
72,24,37,50,False,False,TEST,2.252676537440834,5.074551582336426,1.686146855354309,0.8724954128265381
72,24,37,50,False,True,VAL,2.1743365273357402,4.727739334106445,1.5613772869110107,0.8719293475151062
72,24,37,50,False,True,TEST,1.8837466633140005,3.548501491546631,1.4029936790466309,0.9075488448143005
72,24,37,50,True,False,VAL,2.410922084914821,5.812545299530029,1.6923954486846924,0.8705441355705261
72,24,37,50,True,False,TEST,1.933557683434939,3.738645315170288,1.4421164989471436,0.895933210849762
72,24,37,50,True,True,VAL,2.095483659983201,4.391051769256592,1.540815830230713,0.865267813205719
72,24,37,50,True,True,TEST,1.8312931485349284,3.3536345958709717,1.340146541595459,0.9198311567306519
72,24,37,100,False,False,VAL,2.287414165616598,5.232263565063477,1.6810916662216187,0.8727982044219971
72,24,37,100,False,False,TEST,2.606323102113371,6.792920112609863,1.9385637044906616,0.8312187194824219
72,24,37,100,False,True,VAL,2.270371404672599,5.154586315155029,1.6617268323898315,0.8591471314430237
72,24,37,100,False,True,TEST,2.028288222505842,4.113953113555908,1.4968458414077759,0.8959200382232666
72,24,37,100,True,False,VAL,2.4116508017094818,5.816059589385986,1.6878606081008911,0.8688905835151672
72,24,37,100,True,False,TEST,2.2138875414329564,4.9012980461120605,1.6564913988113403,0.8670740723609924
72,24,37,100,True,True,VAL,2.131848127720816,4.544776439666748,1.5588771104812622,0.8694247603416443
72,24,37,100,True,True,TEST,1.8961776029563067,3.595489501953125,1.4007861614227295,0.9081485271453857
72,24,37,200,False,False,VAL,2.383344947235336,5.680333137512207,1.755367398262024,0.8619905710220337
72,24,37,200,False,False,TEST,2.9954198206150333,8.972539901733398,2.2544636726379395,0.7766056656837463
72,24,37,200,False,True,VAL,2.3911414492386966,5.717557430267334,1.7660902738571167,0.8432150483131409
72,24,37,200,False,True,TEST,2.2719891840851925,5.161934852600098,1.6755496263504028,0.8688938021659851
72,24,37,200,True,False,VAL,2.4789870274532486,6.145376682281494,1.7369800806045532,0.8586997389793396
72,24,37,200,True,False,TEST,2.595643512853622,6.737365245819092,1.9566758871078491,0.8223850727081299
72,24,37,200,True,True,VAL,2.3641413360984913,5.5891642570495605,1.769066572189331,0.8395132422447205
72,24,37,200,True,True,TEST,2.1928736487717524,4.808694839477539,1.5908257961273193,0.8782534599304199
