target_index,lead,time_index,truth,q05,q50,q95
0,1,496,-0.6697542667388916,-0.5529325604438782,0.14897744357585907,1.1078487634658813
0,2,497,-0.4212431311607361,-0.5720438361167908,0.2649514675140381,1.1676528453826904
0,3,498,-0.4399983882904053,-0.5183634757995605,0.31935805082321167,1.159867525100708
0,4,499,-0.7533544301986694,-0.4243003726005554,0.41481268405914307,1.209272861480713
0,5,500,-0.5526423454284668,-0.475991427898407,0.3087916374206543,1.1803255081176758
1,1,496,-0.7838003039360046,-1.7328623533248901,-1.100034475326538,-0.20381641387939453
1,2,497,-0.9655381441116333,-1.6401028633117676,-1.040518879890442,-0.13906395435333252
1,3,498,-0.633173406124115,-1.4932045936584473,-0.883384644985199,-0.0022698044776916504
1,4,499,-0.7860773801803589,-1.452012300491333,-0.7687660455703735,0.02100294828414917
1,5,500,-0.7598663568496704,-1.4830513000488281,-0.8289674520492554,0.04189169406890869
2,1,496,-0.6339322924613953,-1.198026418685913,-0.32157960534095764,0.368346244096756
2,2,497,-0.5530821681022644,-1.3429927825927734,-0.5083104968070984,0.19500839710235596
2,3,498,-0.15030840039253235,-1.3767333030700684,-0.5661771893501282,0.21304500102996826
2,4,499,-0.40319740772247314,-1.447326421737671,-0.6040869355201721,0.17761462926864624
2,5,500,-0.46498432755470276,-1.498412013053894,-0.63707035779953,0.17690974473953247
3,1,496,0.23013873398303986,-0.41193175315856934,0.4415191411972046,1.3630964756011963
3,2,497,0.21062083542346954,-0.2966080605983734,0.3809853494167328,1.3197535276412964
3,3,498,1.0631916522979736,-0.18539953231811523,0.523821234703064,1.383641004562378
3,4,499,0.23617559671401978,-0.4070338010787964,0.42203062772750854,1.274512767791748
3,5,500,0.8970106840133667,-0.5117579102516174,0.27163976430892944,1.1234984397888184
4,1,496,0.2253907322883606,-0.6200025677680969,0.17566972970962524,0.8771790862083435
4,2,497,0.3261488676071167,-0.6755613088607788,0.20286959409713745,0.9125134348869324
4,3,498,0.2398546040058136,-0.6101243495941162,0.2403915375471115,0.9427556395530701
4,4,499,0.03422759473323822,-0.5495929718017578,0.2710457742214203,0.9950789213180542
4,5,500,0.3639217019081116,-0.4869546890258789,0.31851905584335327,1.0214669704437256
5,1,496,-0.7688862681388855,-1.3005142211914062,-0.6136030554771423,0.1888500452041626
5,2,497,-0.8929081559181213,-1.183119773864746,-0.5426083207130432,0.23513031005859375
5,3,498,-0.6190394163131714,-1.2630269527435303,-0.6142711043357849,0.19096076488494873
5,4,499,-0.5452433824539185,-1.1494438648223877,-0.5550847053527832,0.2394581437110901
5,5,500,0.17907769978046417,-1.238464593887329,-0.5375580787658691,0.2416631579399109
6,1,496,-0.02514827251434326,0.07225573062896729,0.8820812106132507,1.8384065628051758
6,2,497,0.6735158562660217,-0.09003674983978271,0.7275670170783997,1.8781440258026123
6,3,498,0.2509346008300781,0.06408226490020752,0.7757689952850342,1.8092453479766846
6,4,499,-0.19113540649414062,0.16943562030792236,0.9097040891647339,1.9054391384124756
6,5,500,0.9091757535934448,0.06176924705505371,0.8606793880462646,1.9254658222198486
7,1,496,0.1731487363576889,-0.9548302888870239,-0.26116493344306946,0.6152849197387695
7,2,497,-0.00894215703010559,-0.9101163744926453,-0.2202206254005432,0.5630905628204346
7,3,498,0.09722959995269775,-1.0150883197784424,-0.21531368792057037,0.5579299330711365
7,4,499,-0.34593039751052856,-1.014435052871704,-0.18503890931606293,0.6007976531982422
7,5,500,-0.2524462938308716,-0.8697373270988464,-0.09242960065603256,0.7027753591537476
8,1,496,-1.5317602157592773,-2.074673652648926,-1.245120882987976,-0.37866830825805664
8,2,497,-1.9629191160202026,-2.1521997451782227,-1.2484302520751953,-0.3465089797973633
8,3,498,-1.8912633657455444,-2.220294713973999,-1.2479631900787354,-0.3330276608467102
8,4,499,-1.95904541015625,-2.2893028259277344,-1.277204990386963,-0.4026932120323181
8,5,500,-1.7234493494033813,-2.3282532691955566,-1.3110493421554565,-0.4554026126861572
9,1,496,-0.879096269607544,-1.274713397026062,-0.4942731261253357,0.31525230407714844
9,2,497,-1.2273341417312622,-1.2992361783981323,-0.5153118968009949,0.20888566970825195
9,3,498,-1.0588264465332031,-1.1529133319854736,-0.4439699649810791,0.24826884269714355
9,4,499,-1.1872084140777588,-1.3347225189208984,-0.6133922934532166,0.1099352240562439
9,5,500,-0.7869553565979004,-1.4241104125976562,-0.6341145038604736,0.17649143934249878
10,1,496,-1.9662842750549316,-1.285839557647705,-0.41453927755355835,0.4336145520210266
10,2,497,-1.7661120891571045,-1.2474238872528076,-0.3855479955673218,0.43394148349761963
10,3,498,-1.3823493719100952,-1.2912156581878662,-0.4260394275188446,0.3726600110530853
10,4,499,-0.9659784436225891,-1.490843653678894,-0.6299089789390564,0.24356180429458618
10,5,500,-0.9855853319168091,-1.5973496437072754,-0.6663840413093567,0.037819862365722656
11,1,496,0.5093067288398743,-0.6203067898750305,0.24090313911437988,1.0290499925613403
11,2,497,1.1339848041534424,-0.5948215126991272,0.3440280556678772,1.083789348602295
11,3,498,1.2079066038131714,-0.4059380292892456,0.37097394466400146,1.1034960746765137
11,4,499,1.1851716041564941,-0.37876754999160767,0.4082244634628296,1.2315438985824585
11,5,500,0.6115306615829468,-0.4193999767303467,0.3813737630844116,1.21199369430542
12,1,496,0.4475647211074829,-0.7375193238258362,0.19739903509616852,1.3682514429092407
12,2,497,0.370999813079834,-0.6828620433807373,0.15125881135463715,1.314287543296814
12,3,498,0.551715612411499,-0.7590727210044861,0.07911761850118637,1.2572919130325317
12,4,499,0.5125595927238464,-0.8604210019111633,0.11976587027311325,1.2804796695709229
12,5,500,0.2704806923866272,-0.8179422616958618,0.08920583128929138,1.2643015384674072
13,1,496,0.4268757104873657,-0.7599372267723083,-0.0527694970369339,0.7596542835235596
13,2,497,0.31335681676864624,-0.879401683807373,-0.16798612475395203,0.6412527561187744
13,3,498,0.3680785894393921,-0.8444443345069885,-0.09980083256959915,0.6675741672515869
13,4,499,0.044160597026348114,-0.6868055462837219,-0.010045008733868599,0.718220055103302
13,5,500,0.005186699330806732,-0.6379842162132263,0.12612496316432953,0.8583635091781616
14,1,496,-1.0902222394943237,-2.000500202178955,-0.8616199493408203,0.31554341316223145
14,2,497,-1.203801155090332,-1.821955919265747,-0.7565524578094482,0.4101860523223877
14,3,498,-0.4751453995704651,-1.7988481521606445,-0.7263059020042419,0.43202775716781616
14,4,499,-0.5605664253234863,-1.757922887802124,-0.6698641180992126,0.4968152642250061
14,5,500,-0.34483930468559265,-1.8391517400741577,-0.7060176134109497,0.46537578105926514
15,1,496,0.37692970037460327,-0.7308038473129272,0.2414098083972931,1.2838741540908813
15,2,497,0.8658748269081116,-0.5740973949432373,0.37245795130729675,1.3715229034423828
15,3,498,0.9942925572395325,-0.5655530691146851,0.39374205470085144,1.426196813583374
15,4,499,0.45602360367774963,-0.5296680927276611,0.3965110182762146,1.367567777633667
15,5,500,0.7434216737747192,-0.5084798336029053,0.41333821415901184,1.5178195238113403
16,1,496,0.4581567049026489,-0.6206532120704651,0.10523372143507004,0.9380331039428711
16,2,497,0.8772748708724976,-0.3146796226501465,0.40731281042099,1.2390012741088867
16,3,498,0.09221360087394714,-0.028884291648864746,0.6891587376594543,1.5918506383895874
16,4,499,-0.09569640457630157,0.2537378668785095,0.8895125985145569,1.6589248180389404
16,5,500,-0.3612203001976013,0.1784573793411255,0.8156996369361877,1.6390256881713867
17,1,496,0.6458536982536316,-0.7666175961494446,0.12471413612365723,1.0504523515701294
17,2,497,0.4658878445625305,-0.737725555896759,0.1522483229637146,1.0144360065460205
17,3,498,0.03824460133910179,-0.5175256729125977,0.28262877464294434,1.1658803224563599
17,4,499,-0.1723293960094452,-0.5786554217338562,0.3926154375076294,1.1728272438049316
17,5,500,0.030932694673538208,-0.4394795298576355,0.3861955404281616,1.2188606262207031
18,1,496,-0.3482202887535095,-0.678733229637146,0.25252893567085266,1.3046637773513794
18,2,497,0.21363283693790436,-0.5543044209480286,0.354455828666687,1.4313470125198364
18,3,498,0.2615526020526886,-0.4865475594997406,0.3477291166782379,1.4471116065979004
18,4,499,-0.14390040934085846,-0.42823660373687744,0.48987334966659546,1.4940249919891357
18,5,500,0.49481669068336487,-0.39670366048812866,0.5125374794006348,1.5552023649215698
19,1,496,-0.4195302724838257,-1.1732958555221558,-0.19330042600631714,0.7575891017913818
19,2,497,-0.7141981720924377,-1.233722448348999,-0.36396968364715576,0.6387040615081787
19,3,498,-0.6438934206962585,-1.2718473672866821,-0.30634164810180664,0.5451480150222778
19,4,499,-0.7763224244117737,-1.3812837600708008,-0.4906693696975708,0.48430973291397095
19,5,500,-0.4491312801837921,-1.3671612739562988,-0.49789899587631226,0.5491940379142761
20,1,496,0.5568687319755554,-0.331557035446167,0.5089308619499207,1.2883007526397705
20,2,497,0.26640182733535767,-0.35974934697151184,0.4626913368701935,1.1906999349594116
20,3,498,0.6440696120262146,-0.360176146030426,0.3849560022354126,1.064032793045044
20,4,499,0.4341796040534973,-0.5113235116004944,0.2859225869178772,0.9873335361480713
20,5,500,0.019214697182178497,-0.6369938850402832,0.21744129061698914,0.8623949289321899
21,1,496,-0.5623652935028076,-1.1641552448272705,-0.21327020227909088,0.695199191570282
21,2,497,-0.01810915768146515,-1.0851491689682007,-0.2592841684818268,0.5805803537368774
21,3,498,-0.076870396733284,-1.083876371383667,-0.25550180673599243,0.6237555146217346
21,4,499,-0.4726123809814453,-1.1353423595428467,-0.3127954602241516,0.565523087978363
21,5,500,-0.8135873079299927,-1.1764494180679321,-0.3351890444755554,0.6072997450828552
22,1,496,-1.122042179107666,-1.0564429759979248,-0.3973977267742157,0.41414085030555725
22,2,497,-0.8793201446533203,-1.190626621246338,-0.4632543921470642,0.31376057863235474
22,3,498,-0.2572264075279236,-1.1449463367462158,-0.5789364576339722,0.26694655418395996
22,4,499,-0.5168384313583374,-1.2159541845321655,-0.5871759653091431,0.2978251576423645
22,5,500,-0.4059012830257416,-1.178928256034851,-0.5523634552955627,0.4278181791305542
23,1,496,-0.28438329696655273,-1.2999836206436157,-0.4203103482723236,0.4132033884525299
23,2,497,0.4461328387260437,-1.4034781455993652,-0.5162984132766724,0.3214951157569885
23,3,498,0.3229445815086365,-1.4507100582122803,-0.5856993198394775,0.23350971937179565
23,4,499,0.34593459963798523,-1.4580416679382324,-0.5588054060935974,0.3395159840583801
23,5,500,0.2846056818962097,-1.5234434604644775,-0.5969575643539429,0.26368004083633423
24,1,496,-1.4106552600860596,-2.296271324157715,-1.4780529737472534,-0.697643518447876
24,2,497,-1.4081060886383057,-2.1004140377044678,-1.3192071914672852,-0.45601338148117065
24,3,498,-1.4680674076080322,-1.7723393440246582,-0.967421293258667,-0.2651183009147644
24,4,499,-1.4708232879638672,-1.6133781671524048,-0.771478533744812,0.07755386829376221
24,5,500,-0.7148952484130859,-1.4203274250030518,-0.5592315793037415,0.22211116552352905
25,1,496,-2.2517261505126953,-2.4562735557556152,-1.936989665031433,-0.9525660276412964
25,2,497,-1.6119121313095093,-2.423137664794922,-1.909846305847168,-0.8811240196228027
25,3,498,-1.8752413988113403,-2.360053062438965,-1.6664484739303589,-0.7596732974052429
25,4,499,-2.429882287979126,-2.265864133834839,-1.6743502616882324,-0.7195022106170654
25,5,500,-1.8726112842559814,-2.307424783706665,-1.6604946851730347,-0.7254451513290405
26,1,496,1.3544437885284424,-1.3740262985229492,-0.38867107033729553,0.34000787138938904
26,2,497,1.1196318864822388,-1.2077701091766357,-0.21370963752269745,0.4834686517715454
26,3,498,0.9189456105232239,-0.9513521194458008,-0.09428736567497253,0.5549314022064209
26,4,499,0.5929166078567505,-0.7405003309249878,0.055991824716329575,0.8288449048995972
26,5,500,0.9380687475204468,-0.7717784643173218,0.016211936250329018,0.939350962638855
27,1,496,1.9304198026657104,-0.6373646259307861,0.16549523174762726,1.1414250135421753
27,2,497,1.2813758850097656,-0.6090096831321716,0.14284652471542358,1.0743896961212158
27,3,498,1.5780545473098755,-0.49611422419548035,0.28826281428337097,1.1338436603546143
27,4,499,0.7839096188545227,-0.595818281173706,0.2366228699684143,1.1581029891967773
27,5,500,1.0097336769104004,-0.589785099029541,0.28959307074546814,1.119380235671997
28,1,496,2.0422568321228027,0.5713462829589844,1.4738099575042725,2.4561877250671387
28,2,497,1.9178928136825562,0.7052083015441895,1.7452763319015503,2.600480556488037
28,3,498,1.6457725763320923,0.7667664885520935,1.6947427988052368,2.558061361312866
28,4,499,0.8761786222457886,0.8591533303260803,1.7502593994140625,2.5960421562194824
28,5,500,1.5176646709442139,0.9667092561721802,1.748218059539795,2.7292325496673584
29,1,496,-1.2351702451705933,-1.9882657527923584,-1.1805745363235474,-0.2393254041671753
29,2,497,-2.0214133262634277,-2.1896305084228516,-1.4663145542144775,-0.47064584493637085
29,3,498,-1.3653804063796997,-2.048638343811035,-1.2629663944244385,-0.3586844205856323
29,4,499,-1.9574432373046875,-1.9376312494277954,-1.2509621381759644,-0.274100124835968
29,5,500,-1.5067332983016968,-2.0567033290863037,-1.265014410018921,-0.18443799018859863
30,1,496,-1.1576921939849854,-2.497814655303955,-1.606026291847229,-0.609569787979126
30,2,497,-1.1339231729507446,-2.2858376502990723,-1.4767054319381714,-0.4818706512451172
30,3,498,-1.3975473642349243,-2.091820240020752,-1.2412301301956177,-0.3401654362678528
30,4,499,-1.340017318725586,-1.9114818572998047,-1.0460511445999146,-0.1660071611404419
30,5,500,-1.300856351852417,-1.8055107593536377,-0.8531537055969238,-0.04404282569885254
31,1,496,1.5531117916107178,-0.677259624004364,0.18875133991241455,1.0359944105148315
31,2,497,0.4968988299369812,-0.833163321018219,0.034187719225883484,0.9509100914001465
31,3,498,0.3469095826148987,-0.7486847639083862,0.0731557235121727,0.9658846259117126
31,4,499,0.5594565868377686,-0.5250075459480286,0.16547173261642456,1.0598952770233154
31,5,500,0.16648370027542114,-0.46958059072494507,0.286807119846344,1.2025799751281738
32,1,496,-0.0013642720878124237,-1.4960291385650635,-0.557030200958252,0.4789087772369385
32,2,497,0.4521218538284302,-1.401818037033081,-0.5446970462799072,0.5100148916244507
32,3,498,0.23407460749149323,-1.1980922222137451,-0.3583132326602936,0.6712486743927002
32,4,499,0.7012866139411926,-1.162492036819458,-0.3358583152294159,0.626534104347229
32,5,500,1.1851747035980225,-1.0939676761627197,-0.18411074578762054,0.7402163743972778
33,1,496,-0.13107527792453766,-1.627190351486206,-0.556041419506073,0.3211759924888611
33,2,497,-0.025883160531520844,-1.5678038597106934,-0.5474746823310852,0.415665864944458
33,3,498,0.5052915811538696,-1.4685945510864258,-0.4512158930301666,0.49256888031959534
33,4,499,-0.22920340299606323,-1.4497607946395874,-0.37909185886383057,0.5070656538009644
33,5,500,-0.6143852472305298,-1.417396068572998,-0.34586796164512634,0.5010668039321899
34,1,496,-0.9950652718544006,-1.4467852115631104,-0.6569063663482666,0.2020730972290039
34,2,497,-0.018255159258842468,-1.1605796813964844,-0.4801653027534485,0.42454153299331665
34,3,498,-0.027823403477668762,-1.159797191619873,-0.36957329511642456,0.48909521102905273
34,4,499,0.09475159645080566,-1.2407307624816895,-0.556668758392334,0.44937121868133545
34,5,500,-0.0022653043270111084,-1.3878591060638428,-0.5755320191383362,0.35156571865081787
35,1,496,-1.1108752489089966,-1.8353683948516846,-1.177169680595398,-0.17154669761657715
35,2,497,-0.9500551223754883,-1.8179972171783447,-0.991381824016571,-0.06576824188232422
35,3,498,-0.8779544234275818,-1.5708894729614258,-0.8578593134880066,0.14987832307815552
35,4,499,-1.2064495086669922,-1.5741891860961914,-0.7991159558296204,0.15891718864440918
35,5,500,-0.5396592617034912,-1.3431591987609863,-0.5702937245368958,0.3662504553794861
36,1,496,0.46140074729919434,-0.1907423436641693,0.48132529854774475,1.2675213813781738
36,2,497,0.5749948620796204,-0.02639240026473999,0.5923298597335815,1.3908956050872803
36,3,498,0.7856705784797668,0.06987935304641724,0.6025698184967041,1.4362961053848267
36,4,499,0.7930375933647156,-0.04074108600616455,0.6483061909675598,1.4850332736968994
36,5,500,0.8057336807250977,0.02154719829559326,0.706572413444519,1.5455676317214966
37,1,496,1.2472918033599854,-0.47669458389282227,0.577925443649292,1.5309722423553467
37,2,497,1.2784258127212524,-0.21921443939208984,0.8747996091842651,1.7813951969146729
37,3,498,1.2541565895080566,-0.10489398241043091,0.9572411179542542,1.8919227123260498
37,4,499,0.2919386029243469,0.07928228378295898,1.124724268913269,2.0769591331481934
37,5,500,1.3225736618041992,0.17115235328674316,1.2487680912017822,2.2876720428466797
38,1,496,-0.5932852625846863,-1.0467817783355713,-0.3953053951263428,0.3200748562812805
38,2,497,-0.5438061356544495,-1.0922354459762573,-0.42115655541419983,0.25847646594047546
38,3,498,-1.111964464187622,-0.9620929956436157,-0.3769477605819702,0.3199586868286133
38,4,499,-1.9250054359436035,-1.1415648460388184,-0.6070730090141296,0.07272857427597046
38,5,500,-0.6886782646179199,-1.1247280836105347,-0.5238505005836487,0.18322473764419556
39,1,496,-1.1608582735061646,-1.8907991647720337,-1.0088943243026733,-0.3970654010772705
39,2,497,-0.9793471097946167,-1.7038938999176025,-0.9440851807594299,-0.2019563913345337
39,3,498,-1.5525743961334229,-1.6642096042633057,-0.9546455144882202,-0.06240957975387573
39,4,499,-2.0695152282714844,-1.626415729522705,-0.8087862133979797,0.1533113718032837
39,5,500,-1.270309329032898,-1.5112236738204956,-0.7730172872543335,0.23583102226257324
40,1,496,0.4784057140350342,-0.6870351433753967,0.24886922538280487,1.1553268432617188
40,2,497,0.15471184253692627,-0.7759133577346802,0.07586722075939178,0.9644066691398621
40,3,498,-0.24035640060901642,-0.7983062863349915,0.03718205541372299,0.9283342361450195
40,4,499,0.005551598966121674,-0.8361170887947083,0.08159781992435455,1.0035170316696167
40,5,500,0.1501016914844513,-0.8949403166770935,0.036566272377967834,0.9225915670394897
41,1,496,-0.26870524883270264,-1.4514529705047607,-0.5711882710456848,0.13521385192871094
41,2,497,-0.5952481627464294,-1.5962316989898682,-0.7682721614837646,-0.0017246007919311523
41,3,498,-0.21402539312839508,-1.6219840049743652,-0.8188315629959106,0.034612178802490234
41,4,499,-0.42235642671585083,-1.6116392612457275,-0.8187191486358643,0.04020577669143677
41,5,500,-0.20727631449699402,-1.4752604961395264,-0.6630886793136597,0.058163464069366455
42,1,496,0.8725706934928894,-0.4248272776603699,0.4937294125556946,1.4875218868255615
42,2,497,1.0843368768692017,-0.38598671555519104,0.4793485105037689,1.4076218605041504
42,3,498,1.2259745597839355,-0.3808329105377197,0.4531310200691223,1.3236608505249023
42,4,499,0.8945925831794739,-0.2755819857120514,0.4849001467227936,1.3934623003005981
42,5,500,1.3117096424102783,-0.22143423557281494,0.5902851819992065,1.4819568395614624
43,1,496,-0.5960263013839722,-1.7094329595565796,-0.7346261739730835,0.29129719734191895
43,2,497,-0.40803617238998413,-1.595986247062683,-0.6196310520172119,0.4196735620498657
43,3,498,-0.4883784055709839,-1.586059331893921,-0.5564265847206116,0.42325305938720703
43,4,499,-0.6051893830299377,-1.5361907482147217,-0.5188982486724854,0.45157498121261597
43,5,500,-0.2734493017196655,-1.6391220092773438,-0.5921090841293335,0.39495283365249634
44,1,496,-1.4389442205429077,-2.37204647064209,-1.4867316484451294,-0.6390202641487122
44,2,497,-1.0757660865783691,-2.280810594558716,-1.403306245803833,-0.58193039894104
44,3,498,-0.6282253861427307,-2.2981762886047363,-1.4576265811920166,-0.5197890400886536
44,4,499,-0.7199844121932983,-2.3495640754699707,-1.4373911619186401,-0.5728838443756104
44,5,500,-0.6126272678375244,-2.4044127464294434,-1.5120607614517212,-0.7429029941558838
45,1,496,-0.7712442874908447,-1.2864940166473389,-0.5550623536109924,0.32422125339508057
45,2,497,-0.7550941705703735,-1.2301708459854126,-0.4955044686794281,0.40065690875053406
45,3,498,-0.5365174412727356,-1.1483781337738037,-0.3887406289577484,0.5248301029205322
45,4,499,-0.11288340389728546,-1.1109920740127563,-0.314255952835083,0.4938891530036926
45,5,500,0.15106169879436493,-1.1372253894805908,-0.38408634066581726,0.48089513182640076
46,1,496,0.6796076893806458,-0.19877135753631592,0.6041502356529236,1.742173194885254
46,2,497,0.3482598662376404,-0.16757023334503174,0.546711802482605,1.7563107013702393
46,3,498,0.6477015614509583,-0.08860456943511963,0.5930072665214539,1.7991604804992676
46,4,499,0.19783559441566467,0.0025899410247802734,0.6786314249038696,1.760448694229126
46,5,500,0.7028946876525879,-0.12612617015838623,0.5753153562545776,1.7305842638015747
47,1,496,-1.3778811693191528,-1.7771601676940918,-0.9737318754196167,-0.20277202129364014
47,2,497,-1.514557123184204,-2.2181906700134277,-1.463511347770691,-0.6943032145500183
47,3,498,-1.426668405532837,-2.2710440158843994,-1.621880054473877,-0.8436881899833679
47,4,499,-1.873577356338501,-2.214482307434082,-1.3995716571807861,-0.7192773222923279
47,5,500,-1.7311782836914062,-2.1732254028320312,-1.2855051755905151,-0.5967690348625183
48,1,496,-0.11770026385784149,-1.0279836654663086,-0.15928439795970917,0.45054084062576294
48,2,497,0.31466084718704224,-0.9913226962089539,-0.15428702533245087,0.5237296223640442
48,3,498,-0.31486737728118896,-0.8612827062606812,-0.04582555219531059,0.5662899017333984
48,4,499,-1.4764244556427002,-0.755699872970581,0.059096984565258026,0.7185304164886475
48,5,500,-0.9367283582687378,-0.8395776748657227,0.004427779465913773,0.7340729236602783
49,1,496,0.5240137577056885,-0.3447292149066925,0.32897189259529114,1.4513585567474365
49,2,497,0.6040488481521606,-0.33482810854911804,0.36788681149482727,1.490813970565796
49,3,498,0.19077859818935394,-0.4557868242263794,0.18838679790496826,1.3296810388565063
49,4,499,-0.24947339296340942,-0.41432705521583557,0.16513249278068542,1.309365153312683
49,5,500,0.2678256928920746,-0.353636771440506,0.36282411217689514,1.4564135074615479
50,1,496,0.6568686962127686,-0.9630945920944214,0.07289603352546692,1.0555819272994995
50,2,497,-0.21514515578746796,-0.9833431839942932,0.010980043560266495,1.0667113065719604
50,3,498,0.211680606007576,-0.999675989151001,-0.01749492436647415,1.0013556480407715
50,4,499,0.4882775843143463,-1.0559877157211304,-0.06373728066682816,0.8847753405570984
50,5,500,0.4982476830482483,-1.170983076095581,-0.16223421692848206,0.831470251083374
51,1,496,0.13720372319221497,-0.7397571802139282,0.14988714456558228,1.0453674793243408
51,2,497,0.046259842813014984,-0.6670874357223511,0.2650142014026642,1.0804260969161987
51,3,498,0.21701160073280334,-0.6237065196037292,0.26799505949020386,1.2194701433181763
51,4,499,0.7090585827827454,-0.3702024817466736,0.5330726504325867,1.3740758895874023
51,5,500,0.5613386631011963,-0.30094558000564575,0.5774670839309692,1.405306100845337
52,1,496,-0.011028271168470383,-0.4172503352165222,0.31808310747146606,1.1960833072662354
52,2,497,-0.08707715570926666,-0.41859108209609985,0.30845940113067627,1.2055315971374512
52,3,498,0.10867159813642502,-0.47845908999443054,0.3547423779964447,1.16779625415802
52,4,499,-0.4028434157371521,-0.4585886001586914,0.4270918369293213,1.1585955619812012
52,5,500,0.1881936937570572,-0.35167887806892395,0.3859708607196808,1.2664200067520142
53,1,496,-0.6123572587966919,-2.0427117347717285,-1.2221643924713135,-0.18766534328460693
53,2,497,-1.2321771383285522,-1.9622881412506104,-1.1034319400787354,-0.18952929973602295
53,3,498,-1.2341864109039307,-2.010326623916626,-1.1569067239761353,-0.20682108402252197
53,4,499,-1.1680314540863037,-2.00681471824646,-1.1306495666503906,-0.17830121517181396
53,5,500,-0.5821113586425781,-2.1773178577423096,-1.386301875114441,-0.2640700340270996
54,1,496,-0.7754513025283813,-2.1454579830169678,-1.3794106245040894,-0.3630727529525757
54,2,497,-0.7747571468353271,-2.164155960083008,-1.3079617023468018,-0.3911551237106323
54,3,498,0.09304659813642502,-1.9792745113372803,-1.1543048620224,-0.24677497148513794
54,4,499,-0.7333623766899109,-2.0264434814453125,-0.9989237189292908,-0.06857693195343018
54,5,500,-0.8802493810653687,-2.082359790802002,-0.994956910610199,-0.0681867003440857
55,1,496,-1.3538051843643188,-1.2884217500686646,-0.6644893884658813,0.292661190032959
55,2,497,-0.9102461338043213,-1.2724981307983398,-0.6214839220046997,0.2984260320663452
55,3,498,-1.0705914497375488,-1.28400719165802,-0.7356619238853455,0.2207161784172058
55,4,499,-1.472637414932251,-1.4006233215332031,-0.8111994862556458,0.09940534830093384
55,5,500,-0.9215003252029419,-1.6428396701812744,-0.9857090711593628,-0.06820493936538696
56,1,496,-0.3661312460899353,-1.2269397974014282,-0.1560971438884735,0.9596015214920044
56,2,497,-0.3995491862297058,-1.2112879753112793,-0.1549074947834015,0.9770227670669556
56,3,498,-0.8915613889694214,-1.0452625751495361,-0.024393072351813316,1.058463215827942
56,4,499,-0.6829394102096558,-0.951610267162323,0.07868975400924683,1.1595354080200195
56,5,500,-0.19320529699325562,-1.1222243309020996,0.06801069527864456,1.0496296882629395
57,1,496,0.7277337312698364,-1.0722039937973022,-0.03731701523065567,0.6554503440856934
57,2,497,0.632287859916687,-0.864777147769928,0.14983980357646942,0.8257178068161011
57,3,498,0.5403655767440796,-0.83404141664505,0.21600311994552612,0.9583742618560791
57,4,499,0.4136536121368408,-0.822697639465332,0.22752663493156433,0.9607871770858765
57,5,500,-0.10522030293941498,-0.8750354051589966,0.10719463229179382,0.9965813159942627
58,1,496,-0.1352122724056244,-1.390340805053711,-0.4087378680706024,0.5132083892822266
58,2,497,0.36774885654449463,-1.3445322513580322,-0.352142870426178,0.4106244444847107
58,3,498,-0.23744840919971466,-1.3871188163757324,-0.3523763418197632,0.43312203884124756
58,4,499,-1.457545518875122,-1.239075779914856,-0.19800648093223572,0.554807186126709
58,5,500,-0.9061623811721802,-1.3711645603179932,-0.34083226323127747,0.4362851679325104
59,1,496,0.38370275497436523,-0.9615620374679565,-0.16260915994644165,0.6393070220947266
59,2,497,0.8432798385620117,-0.9429136514663696,-0.13634049892425537,0.7227813005447388
59,3,498,0.07681159675121307,-0.878770112991333,0.013605546206235886,0.6567656993865967
59,4,499,-0.12215040624141693,-0.9093393683433533,-0.00900045782327652,0.7610464692115784
59,5,500,0.41967469453811646,-0.6743701696395874,0.1306704729795456,0.9595928192138672
60,1,496,-0.5179652571678162,-1.1725401878356934,-0.4424512982368469,0.3942273259162903
60,2,497,-0.7903721332550049,-1.1483418941497803,-0.38816025853157043,0.48952266573905945
60,3,498,-0.8285384178161621,-1.1222429275512695,-0.41335543990135193,0.44718584418296814
60,4,499,-0.20588940382003784,-1.1656618118286133,-0.3786337077617645,0.4154827296733856
60,5,500,-0.22210630774497986,-1.2878609895706177,-0.4066842794418335,0.38541167974472046
61,1,496,-1.3995912075042725,-2.129486083984375,-1.1969871520996094,-0.3353210687637329
61,2,497,-1.4851680994033813,-2.1503796577453613,-1.240578293800354,-0.45935457944869995
61,3,498,-0.7112864255905151,-2.145693302154541,-1.3135578632354736,-0.4879950284957886
61,4,499,-0.3972983956336975,-2.0690505504608154,-1.220334529876709,-0.37218016386032104
61,5,500,-0.10104130208492279,-2.0360286235809326,-1.1895369291305542,-0.3853326439857483
62,1,496,0.01734272949397564,-1.4363609552383423,-0.5929749608039856,0.3990667462348938
62,2,497,-0.27525514364242554,-1.3361825942993164,-0.5102463960647583,0.5158804655075073
62,3,498,-0.03379339724779129,-1.2942615747451782,-0.39826634526252747,0.6005418300628662
62,4,499,-0.24843540787696838,-1.0846686363220215,-0.2003239095211029,0.8588627576828003
62,5,500,-0.12834429740905762,-0.906138002872467,-0.08119330555200577,0.9962862730026245
63,1,496,-0.7395002841949463,-1.299675703048706,-0.5654648542404175,0.28042829036712646
63,2,497,-0.22784815728664398,-1.3246772289276123,-0.6362736821174622,0.22584259510040283
63,3,498,-0.8751733899116516,-1.4494044780731201,-0.7111181020736694,0.13954561948776245
63,4,499,-0.8859894275665283,-1.4697566032409668,-0.6658694744110107,0.15879368782043457
63,5,500,-0.5754443407058716,-1.5313286781311035,-0.6883381605148315,0.15248596668243408
64,1,496,-1.057044267654419,-2.5321438312530518,-1.5859581232070923,-0.7891005873680115
64,2,497,-0.8812401294708252,-2.4287912845611572,-1.5590543746948242,-0.6987050771713257
64,3,498,-1.0298854112625122,-2.452049493789673,-1.5746071338653564,-0.8150776028633118
64,4,499,-1.4112334251403809,-2.56362247467041,-1.6930272579193115,-0.9124546051025391
64,5,500,-1.3539162874221802,-2.758181571960449,-1.8279736042022705,-1.0217068195343018
65,1,496,-0.3767092823982239,-1.311042070388794,-0.6544878482818604,0.3779442310333252
65,2,497,-0.25041013956069946,-1.3544727563858032,-0.6129752397537231,0.35356253385543823
65,3,498,-0.8371354341506958,-1.3079694509506226,-0.6640246510505676,0.3044690489768982
65,4,499,-0.7615823745727539,-1.673147439956665,-0.8273117542266846,0.07900327444076538
65,5,500,-0.8447773456573486,-1.7535454034805298,-0.9691991806030273,-0.07440447807312012
66,1,496,0.2583237290382385,-1.45461106300354,-0.5861368775367737,0.3024523854255676
66,2,497,0.3755638599395752,-1.2462859153747559,-0.47152653336524963,0.46190759539604187
66,3,498,0.31341761350631714,-1.117317795753479,-0.3268878757953644,0.5829651355743408
66,4,499,-0.22958439588546753,-1.075913429260254,-0.21591025590896606,0.6679142713546753
66,5,500,-0.3487333059310913,-0.942408561706543,-0.07934292405843735,0.7732769250869751
67,1,496,0.5109087228775024,-0.13900035619735718,0.764701783657074,1.6420623064041138
67,2,497,0.38678282499313354,-0.2925669550895691,0.6449140310287476,1.4877121448516846
67,3,498,0.35800057649612427,-0.0701441764831543,0.8356634974479675,1.7636089324951172
67,4,499,0.12585559487342834,-0.04077589511871338,0.8731736540794373,1.6914100646972656
67,5,500,0.8302847146987915,-0.09170228242874146,0.7722528576850891,1.6630353927612305
68,1,496,0.19490273296833038,-0.7403256893157959,0.16165472567081451,1.0687848329544067
68,2,497,0.4298558235168457,-0.9580592513084412,-0.10913212597370148,0.8342633247375488
68,3,498,-0.15054039657115936,-0.8802149295806885,-0.09041979163885117,0.7550275325775146
68,4,499,-0.6392304301261902,-0.9019025564193726,-0.024234695360064507,0.8252864480018616
68,5,500,-0.12309630215167999,-0.8263214826583862,0.03685817867517471,0.9343669414520264
69,1,496,-0.7242932915687561,-1.1824369430541992,-0.2985188961029053,0.5124791264533997
69,2,497,0.21747983992099762,-1.1409060955047607,-0.3475976586341858,0.43468910455703735
69,3,498,-0.5506663918495178,-1.0835851430892944,-0.29659923911094666,0.5543394088745117
69,4,499,-1.019606351852417,-1.1358859539031982,-0.36142921447753906,0.4825625419616699
69,5,500,-0.4933592975139618,-1.2421417236328125,-0.4391043186187744,0.39209479093551636
70,1,496,-1.3282452821731567,-2.904433250427246,-2.112169027328491,-1.1442244052886963
70,2,497,-1.9321331977844238,-2.863297462463379,-1.9520658254623413,-1.1245722770690918
70,3,498,-1.1873314380645752,-2.762547016143799,-1.806467056274414,-0.97445148229599
70,4,499,-1.495349407196045,-2.7462732791900635,-1.8261725902557373,-0.991328239440918
70,5,500,-1.8193793296813965,-2.7294113636016846,-1.8286162614822388,-0.949653148651123
71,1,496,-0.45768725872039795,-2.6026625633239746,-1.7644314765930176,-0.7967976331710815
71,2,497,-1.0775021314620972,-2.667556047439575,-1.7881807088851929,-0.8767365217208862
71,3,498,-0.8964493870735168,-2.6450319290161133,-1.739365577697754,-0.8882061839103699
71,4,499,-0.8002914190292358,-2.5894956588745117,-1.7310436964035034,-0.8018366098403931
71,5,500,-0.9913873672485352,-2.6151182651519775,-1.681188941001892,-0.7380477786064148
72,1,496,0.7109476923942566,-1.2057838439941406,-0.2714725434780121,0.9513169527053833
72,2,497,0.0028388425707817078,-1.1463004350662231,-0.2949467599391937,0.8790850639343262
72,3,498,-0.15442439913749695,-1.2767812013626099,-0.3434598445892334,0.7269439697265625
72,4,499,-0.3166213929653168,-1.112938404083252,-0.2665407061576843,0.8067577481269836
72,5,500,-0.1027023047208786,-1.051268458366394,-0.20601102709770203,0.9219967126846313
73,1,496,0.08443373441696167,-1.2712149620056152,-0.5251535177230835,0.4496726393699646
73,2,497,-0.46044015884399414,-1.3494186401367188,-0.573005735874176,0.2721828818321228
73,3,498,0.422105610370636,-1.2463722229003906,-0.4999180734157562,0.4000372588634491
73,4,499,-0.2271794080734253,-1.0589678287506104,-0.36339902877807617,0.5256927013397217
73,5,500,-0.05233930051326752,-1.1096466779708862,-0.41045647859573364,0.5133587718009949
74,1,496,1.2077797651290894,0.3920944929122925,1.1699798107147217,2.1426758766174316
74,2,497,1.6562209129333496,0.3537719249725342,1.0878360271453857,2.0549476146698
74,3,498,1.241661548614502,0.230118989944458,0.9985635280609131,1.9680109024047852
74,4,499,1.7958366870880127,0.3456466794013977,1.1107832193374634,2.086942195892334
74,5,500,1.458777666091919,0.3672242760658264,1.1138534545898438,2.0936837196350098
75,1,496,1.1122057437896729,-0.3047879934310913,0.473020076751709,1.1335316896438599
75,2,497,1.0006338357925415,-0.3054794669151306,0.4998769164085388,1.2361788749694824
75,3,498,1.3584206104278564,-0.022316396236419678,0.7278620004653931,1.3195381164550781
75,4,499,0.41798460483551025,0.17251884937286377,0.9005069136619568,1.3306132555007935
75,5,500,0.41645070910453796,0.1531529426574707,0.9163699746131897,1.4782822132110596
76,1,496,0.568196713924408,-0.09183508157730103,0.818622887134552,1.6795904636383057
76,2,497,0.5456148386001587,0.043065011501312256,0.931402862071991,1.8004519939422607
76,3,498,0.1757006049156189,0.19437164068222046,1.0944725275039673,1.9386547803878784
76,4,499,-0.010356403887271881,0.3053985834121704,1.1963876485824585,2.082911968231201
76,5,500,0.38234370946884155,0.15536707639694214,1.1005122661590576,1.9334380626678467
77,1,496,-0.38590627908706665,-0.7054774761199951,0.11400952935218811,1.0886279344558716
77,2,497,-0.2606891393661499,-0.8395304679870605,-0.07037927210330963,0.8728704452514648
77,3,498,-0.30912238359451294,-1.0602266788482666,-0.24795623123645782,0.7329444885253906
77,4,499,-0.1970553994178772,-1.2268648147583008,-0.2900487184524536,0.6521985530853271
77,5,500,0.39194270968437195,-1.3915929794311523,-0.4744587242603302,0.4503961503505707
78,1,496,0.2014627307653427,-0.2302449345588684,0.7095009684562683,1.5789568424224854
78,2,497,0.34368085861206055,-0.2338266372680664,0.6575844287872314,1.661242127418518
78,3,498,0.30076462030410767,-0.2422965168952942,0.634544849395752,1.5584454536437988
78,4,499,-0.40954238176345825,-0.4541228413581848,0.539395272731781,1.5117219686508179
78,5,500,-0.0811913013458252,-0.45529401302337646,0.5245066285133362,1.4648253917694092
79,1,496,-0.5461152791976929,-1.2685306072235107,-0.4565945565700531,0.2784130871295929
79,2,497,-0.43063414096832275,-1.3016191720962524,-0.5747107863426208,0.22694915533065796
79,3,498,-0.8033344149589539,-1.336684226989746,-0.5414983630180359,0.17838889360427856
79,4,499,-1.705094337463379,-1.441575288772583,-0.607926607131958,0.01599663496017456
79,5,500,-0.19114530086517334,-1.595583200454712,-0.8035343885421753,-0.09470576047897339
80,1,496,-2.3645071983337402,-2.476424217224121,-1.569564938545227,-0.512586236000061
80,2,497,-2.7112462520599365,-2.4129891395568848,-1.4460238218307495,-0.4406168460845947
80,3,498,-2.4770894050598145,-2.366953134536743,-1.4054152965545654,-0.4464164972305298
80,4,499,-2.545055389404297,-2.3008880615234375,-1.356849193572998,-0.38508135080337524
80,5,500,-2.253962278366089,-2.276965379714966,-1.3936773538589478,-0.3402949571609497
81,1,496,-1.5406842231750488,-2.93232798576355,-1.952631950378418,-1.125373125076294
81,2,497,-1.8612651824951172,-2.9305224418640137,-1.9302104711532593,-1.0571904182434082
81,3,498,-1.4628933668136597,-2.904609203338623,-1.9564530849456787,-1.0205509662628174
81,4,499,-1.797358512878418,-2.8308160305023193,-1.8498095273971558,-1.0378332138061523
81,5,500,-2.2498912811279297,-2.757902145385742,-1.8159010410308838,-0.8665157556533813
82,1,496,-0.20811526477336884,-1.0146528482437134,-0.1532738208770752,0.7212414145469666
82,2,497,-0.6631301641464233,-0.9311490654945374,-0.11714915931224823,0.7499858736991882
82,3,498,0.17451760172843933,-0.7661473751068115,-0.040800850838422775,0.9142770171165466
82,4,499,-0.5294983983039856,-0.5979052782058716,0.09427139163017273,1.0362576246261597
82,5,500,0.06872369349002838,-0.5395784378051758,0.1283281147480011,1.074317455291748
83,1,496,0.08627372980117798,-1.4538946151733398,-0.5451040863990784,0.5246737599372864
83,2,497,-0.3668941855430603,-1.4049673080444336,-0.5828447341918945,0.37978416681289673
83,3,498,-0.3246253728866577,-1.3544052839279175,-0.576842725276947,0.4275135397911072
83,4,499,-0.9933163523674011,-1.4354995489120483,-0.5318694710731506,0.44637537002563477
83,5,500,-0.7626763582229614,-1.5241307020187378,-0.8363617658615112,0.24172770977020264
84,1,496,-1.039109230041504,-1.6020727157592773,-0.7797136306762695,-0.06906169652938843
84,2,497,-1.210815191268921,-1.6120333671569824,-0.7623119354248047,-0.0690658688545227
84,3,498,-0.7046223878860474,-1.5849583148956299,-0.8154909610748291,-0.1779118776321411
84,4,499,-0.9630463719367981,-1.6941667795181274,-0.8601469993591309,-0.2549418807029724
84,5,500,-0.560454249382019,-1.7277402877807617,-0.872119665145874,-0.264981746673584
85,1,496,-0.19216327369213104,-0.6342697739601135,0.06454665958881378,0.9553804993629456
85,2,497,-0.1286301612854004,-0.4976423382759094,0.1469138115644455,0.9464873671531677
85,3,498,0.1615425944328308,-0.6119064092636108,0.010497618466615677,0.8716915845870972
85,4,499,0.41077759861946106,-0.6190623641014099,-0.004448670893907547,0.8200220465660095
85,5,500,0.5543386936187744,-0.896411657333374,-0.10200189054012299,0.7114541530609131
86,1,496,-0.9773922562599182,-1.4045984745025635,-0.6351893544197083,0.1166696548461914
86,2,497,-0.8879011273384094,-1.3787117004394531,-0.5938916802406311,0.21311044692993164
86,3,498,-0.9942224025726318,-1.3354251384735107,-0.5754170417785645,0.253804087638855
86,4,499,-1.671905517578125,-1.4420305490493774,-0.6252264976501465,0.2590702772140503
86,5,500,-1.4700373411178589,-1.6077253818511963,-0.5407376885414124,0.28651952743530273
87,1,496,2.0622806549072266,1.2426660060882568,2.1182031631469727,2.69758677482605
87,2,497,1.898789882659912,1.2139909267425537,2.0972976684570312,2.705721378326416
87,3,498,2.2536017894744873,1.1898757219314575,2.0031707286834717,2.6239676475524902
87,4,499,2.4494056701660156,1.0943493843078613,1.855633020401001,2.5219504833221436
87,5,500,2.7932496070861816,1.0884008407592773,1.8873748779296875,2.396967649459839
88,1,496,0.3230557441711426,-0.5059904456138611,0.338887095451355,1.2280261516571045
88,2,497,-0.10624516010284424,-0.5785358548164368,0.26956719160079956,1.1594481468200684
88,3,498,-0.22464941442012787,-0.6924796104431152,0.05225362256169319,0.943161129951477
88,4,499,-0.9989413619041443,-0.7157289981842041,0.02678127959370613,0.9666752815246582
88,5,500,-0.8507843017578125,-0.7424930930137634,0.048843864351511,1.0264229774475098
89,1,496,0.667191743850708,0.02501767873764038,0.9715993404388428,1.7442737817764282
89,2,497,0.5702598690986633,-0.23823636770248413,0.7758540511131287,1.4614126682281494
89,3,498,0.2069265991449356,-0.22568577527999878,0.6913315653800964,1.4441248178482056
89,4,499,-0.03550440073013306,-0.4550073742866516,0.4292525053024292,1.2080879211425781
89,5,500,0.9491087198257446,-0.6230137944221497,0.2951697111129761,1.1688005924224854
90,1,496,0.7918997406959534,-1.051336407661438,-0.23309718072414398,0.743990957736969
90,2,497,-0.19914816319942474,-1.0055989027023315,-0.1788017600774765,0.7882529497146606
90,3,498,0.2553545832633972,-0.9753276109695435,-0.1440582573413849,0.868131160736084
90,4,499,-0.08982940018177032,-0.8896560072898865,-0.048031289130449295,1.021610140800476
90,5,500,-0.3138422966003418,-0.8438109159469604,0.027870450168848038,1.0996180772781372
91,1,496,0.6767436861991882,-0.35518795251846313,0.5072301626205444,1.436976671218872
91,2,497,0.2041008472442627,-0.23419535160064697,0.5422119498252869,1.4719101190567017
91,3,498,0.49093061685562134,-0.1786113977432251,0.5890905857086182,1.6170333623886108
91,4,499,0.6557546257972717,-0.07403147220611572,0.5699055790901184,1.6028928756713867
91,5,500,0.6968357563018799,0.03480619192123413,0.7425559759140015,1.7658473253250122
92,1,496,1.1772347688674927,-0.12696361541748047,1.0057238340377808,1.8531081676483154
92,2,497,0.11524683982133865,-0.14644193649291992,1.0609936714172363,1.8219218254089355
92,3,498,1.5637426376342773,0.029804706573486328,1.213444709777832,1.9603328704833984
92,4,499,0.7314655780792236,0.22614562511444092,1.3189328908920288,2.0495758056640625
92,5,500,0.9891196489334106,0.31917500495910645,1.382261037826538,2.192948341369629
93,1,496,0.3213907480239868,-0.959689736366272,-0.3469914495944977,0.2695612609386444
93,2,497,-0.519361138343811,-0.8459094166755676,-0.19999808073043823,0.442288339138031
93,3,498,-0.06012339890003204,-0.7932189702987671,-0.1771971881389618,0.4821886122226715
93,4,499,0.5665085911750793,-0.7254921197891235,-0.1624700278043747,0.5470663905143738
93,5,500,0.9728386402130127,-0.6861738562583923,-0.16450725495815277,0.5758346319198608
94,1,496,-1.4052332639694214,-2.2805635929107666,-1.404262900352478,-0.6641833782196045
94,2,497,-1.4676971435546875,-2.2760229110717773,-1.3713159561157227,-0.6396111845970154
94,3,498,-0.7875193953514099,-2.4283955097198486,-1.546243667602539,-0.8444852232933044
94,4,499,-0.7833433747291565,-2.6096065044403076,-1.766546368598938,-1.002894639968872
94,5,500,0.09273869544267654,-2.8196115493774414,-2.133352279663086,-1.361544132232666
95,1,496,-0.009786270558834076,0.17778635025024414,0.9206937551498413,1.8637375831604004
95,2,497,-0.34045517444610596,0.28780603408813477,0.9685810208320618,1.9006974697113037
95,3,498,0.08893760293722153,0.040338754653930664,0.8904616236686707,1.7446279525756836
95,4,499,-0.4697633981704712,-0.1174318790435791,0.9607079029083252,1.740627408027649
95,5,500,0.017091698944568634,-0.49039244651794434,0.8199001550674438,1.6343283653259277
96,1,496,0.21528972685337067,-0.3015441298484802,0.7823459506034851,1.486940622329712
96,2,497,0.558215856552124,-0.21609538793563843,0.660847008228302,1.4873619079589844
96,3,498,1.0669406652450562,-0.2228245735168457,0.6235285997390747,1.4695788621902466
96,4,499,0.5008766055107117,-0.18547064065933228,0.7242015600204468,1.637746810913086
96,5,500,1.1364716291427612,-0.319546103477478,0.67930006980896,1.546303629875183
97,1,496,-0.2064562737941742,-1.343925952911377,-0.500287652015686,0.2606567144393921
97,2,497,0.09700983762741089,-1.326418161392212,-0.4079744517803192,0.26051345467567444
97,3,498,0.09741359949111938,-1.2115708589553833,-0.2628166973590851,0.4177236258983612
97,4,499,-0.11478140950202942,-1.2426432371139526,-0.29921063780784607,0.4472908079624176
97,5,500,-0.23468729853630066,-1.312498688697815,-0.32352569699287415,0.5520336627960205
98,1,496,-0.8278642892837524,-0.8822391033172607,-0.07794391363859177,0.547847330570221
98,2,497,-0.2648751735687256,-0.8866802453994751,-0.15164874494075775,0.46127158403396606
98,3,498,-0.048809394240379333,-1.0194348096847534,-0.3361511826515198,0.38889235258102417
98,4,499,-0.6186463832855225,-1.0921880006790161,-0.4119120240211487,0.4688962697982788
98,5,500,-0.49482032656669617,-1.3006188869476318,-0.6276484131813049,0.3197021484375
99,1,496,0.8776637315750122,-0.0938793420791626,0.5208766460418701,1.5746713876724243
99,2,497,1.51007080078125,-0.11369866132736206,0.6221267580986023,1.618509292602539
99,3,498,0.7108045816421509,-0.09321355819702148,0.6163554191589355,1.6281402111053467
99,4,499,0.30321159958839417,-0.16092586517333984,0.644721508026123,1.6618598699569702
99,5,500,0.8340237140655518,-0.18331044912338257,0.5722296237945557,1.5941383838653564
